name,group,ticker,last,change_pct,asof,provider
KOSDAQ,국내지수,^KQ11,841.04,-0.65,2026-09-29 00:00:00,YahooHTTP
KOSPI,국내지수,^KS11,6878.17,-0.17,2026-09-29 00:00:00,YahooHTTP
NASDAQ100 Futures,선물,NQ=F,30503.5,-0.21,2026-09-29 01:49:35,YahooHTTP
S&P500 Futures,선물,ES=F,7735.75,-0.14,2026-09-29 01:49:34,YahooHTTP
Gold,원자재,GC=F,4167.8,-3.55,2026-09-29 01:49:34,YahooHTTP
WTI,원자재,CL=F,93.74,1.23,2026-09-29 01:49:33,YahooHTTP
NASDAQ,해외지수,^IXIC,26820.38,-0.92,2026-09-28 13:30:00,YahooHTTP
S&P 500,해외지수,^GSPC,7683.69,-0.77,2026-09-28 13:30:00,YahooHTTP
USD/KRW,환율,KRW=X,1359.48,0.37,2026-09-29 01:59:30,YahooHTTP
