symbol,current_price,ma20,ma60,rsi14,signal,asof
0011T0,5190.0,5382.0,5032.333333333333,40.151515151515156,중립,2026-10-10
0039P0,7690.0,8303.0,7646.583333333333,43.867924528301884,중립,2026-10-10
0129K0,1976.0,1970.4,1974.3833333333334,53.79746835443037,중립,2026-10-10
0218L0,12660.0,12571.5,,43.003412969283275,데이터부족,2026-10-10
238540,103800.0,103800.0,,,데이터부족,2026-10-10
288180,7240.0,7441.0,7573.833333333333,54.67032967032967,중립,2026-10-10
439960,6480.0,10251.0,13059.666666666666,20.30878859857482,약세추세,2026-10-10
477850,21050.0,22002.5,24412.5,47.22222222222222,중립,2026-10-10
006260,268500.0,309100.0,304325.0,31.313131313131308,중립,2026-10-09
0130H0,1989.0,1985.1,1990.3166666666664,51.832460732984295,중립,2026-10-09
0134X0,1988.0,1974.0,1976.1,58.82352941176471,중립,2026-10-09
458350,2990.0,3030.0,3429.6666666666665,42.85714285714285,약세추세,2026-10-09
483350,2605.0,2950.5,,28.125,데이터부족,2026-10-09
000120,69900.0,71170.0,73210.0,34.78260869565217,약세추세,2026-10-08
0004Y0,2000.0,1997.5,1997.733333333333,57.77777777777777,중립,2026-10-08
0010F0,3060.0,2605.5,2346.766666666667,70.0,상승추세,2026-10-08
0015N0,9690.0,11316.5,8779.666666666666,28.851540616246496,과매도권,2026-10-08
0015S0,8190.0,7964.0,7216.333333333333,38.33865814696485,중립,2026-10-08
0037T0,1987.0,1988.8,1991.15,49.624060150375946,중립,2026-10-08
0041B0,2000.0,2005.85,2010.9,46.15384615384615,중립,2026-10-08
0041J0,1998.0,1980.45,1987.1333333333328,50.63694267515924,중립,2026-10-08
0041L0,2005.0,1983.8,1994.7,52.89256198347108,중립,2026-10-08
0044K0,1986.0,1986.35,1987.8666666666663,57.01754385964913,중립,2026-10-08
0054V0,1998.0,2006.15,2006.3166666666664,48.29268292682927,중립,2026-10-08
0068Y0,1992.0,1981.05,1983.65,58.33333333333334,중립,2026-10-08
0071M0,2005.0,1977.85,1984.8333333333333,53.70370370370371,중립,2026-10-08
0072Z0,1980.0,1973.15,1978.2166666666667,53.09734513274336,중립,2026-10-08
0088D0,2055.0,2071.25,2085.9166666666665,44.11764705882353,약세추세,2026-10-08
0091W0,2050.0,2027.8,2017.8166666666664,71.64948453608247,과열권,2026-10-08
0093G0,1995.0,1972.35,1980.7833333333333,60.833333333333336,중립,2026-10-08
0096B0,1990.0,1983.2,1983.8166666666664,50.65502183406113,중립,2026-10-08
0096D0,1996.0,1984.75,1982.7666666666669,51.85185185185185,상승추세,2026-10-08
0097F0,1981.0,1977.0,1984.3333333333333,49.01960784313726,중립,2026-10-08
0098T0,2000.0,1989.95,1993.85,60.65573770491804,중립,2026-10-08
0099W0,1984.0,1973.2,1983.6333333333328,56.25,중립,2026-10-08
0099X0,2190.0,2271.55,2290.516666666667,22.61306532663316,약세추세,2026-10-08
0101C0,1986.0,1977.85,1982.9,48.36601307189542,중립,2026-10-08
0105P0,1999.0,1987.4,1992.7666666666669,56.20437956204379,중립,2026-10-08
0115H0,1999.0,1986.65,1989.6166666666663,54.81481481481482,중립,2026-10-08
012210,12260.0,11960.5,8755.0,53.47368421052632,상승추세,2026-10-08
014950,7970.0,9157.0,6552.916666666667,21.859706362153347,과매도권,2026-10-08
0155E0,11310.0,12506.0,,40.07782101167315,데이터부족,2026-10-08
0156T0,8140.0,8521.0,,32.850241545893724,데이터부족,2026-10-08
0164H0,1951.0,1949.35,1951.6,45.97701149425287,중립,2026-10-08
0165X0,1940.0,1943.85,1946.5833333333333,44.06779661016949,약세추세,2026-10-08
0220W0,5910.0,6278.5,,28.7878787878788,데이터부족,2026-10-08
031210,42100.0,42575.0,42902.5,42.25352112676056,약세추세,2026-10-08
059180,4055.0,3999.0,4082.9166666666665,88.88888888888889,과열권,2026-10-08
061090,43450.0,38642.5,41226.66666666666,77.7292576419214,과열권,2026-10-08
064400,67300.0,70670.0,70463.33333333333,38.888888888888886,중립,2026-10-08
081180,6180.0,6045.0,5618.5,62.864721485411145,상승추세,2026-10-08
096250,5580.0,5578.5,5880.5,54.46428571428572,중립,2026-10-08
098070,23050.0,24502.5,24666.666666666668,43.40659340659341,약세추세,2026-10-08
101970,10090.0,9865.5,9972.666666666666,56.43564356435643,중립,2026-10-08
125020,6040.0,6102.0,5594.75,56.2874251497006,중립,2026-10-08
125490,12850.0,11797.0,10093.166666666666,60.6687898089172,상승추세,2026-10-08
136150,11860.0,9279.0,7991.833333333333,70.87053571428572,과열권,2026-10-08
153890,8570.0,9962.5,9926.5,34.36853002070393,중립,2026-10-08
188040,4865.0,4984.0,4966.416666666667,43.98148148148148,중립,2026-10-08
212710,7500.0,7053.5,7743.833333333333,78.91566265060241,과열권,2026-10-08
217590,17970.0,14259.0,12749.666666666666,71.50735294117646,과열권,2026-10-08
226590,14750.0,13901.0,12448.333333333334,71.51277013752456,과열권,2026-10-08
234030,3680.0,3365.25,3166.583333333333,73.44632768361582,과열권,2026-10-08
240550,6300.0,6003.5,5899.666666666667,68.18181818181819,상승추세,2026-10-08
261520,6010.0,5353.0,4581.5,72.11538461538461,과열권,2026-10-08
279570,5320.0,5506.0,5647.166666666667,33.73493975903615,약세추세,2026-10-08
287840,17310.0,17290.0,18781.166666666668,58.56353591160221,중립,2026-10-08
303810,2715.0,2581.5,2423.083333333333,60.08771929824562,상승추세,2026-10-08
309710,21000.0,21000.0,21000.0,,데이터부족,2026-10-08
317450,42650.0,43060.0,43890.0,44.6969696969697,약세추세,2026-10-08
318060,14970.0,16502.0,17808.666666666668,24.57831325301205,약세추세,2026-10-08
331740,6720.0,6661.5,6509.5,40.44117647058823,중립,2026-10-08
340450,9610.0,7613.5,6020.166666666667,79.7945205479452,과열권,2026-10-08
342870,3920.0,3723.25,3799.0,48.81889763779528,중립,2026-10-08
364950,3820.0,3485.25,3673.3333333333335,74.28571428571428,과열권,2026-10-08
365660,3505.0,4352.5,5160.5,6.147540983606561,약세추세,2026-10-08
376900,26800.0,28352.5,32755.83333333333,38.98916967509026,약세추세,2026-10-08
380550,7410.0,7377.5,7743.333333333333,56.66666666666667,중립,2026-10-08
388210,95700.0,82185.0,78915.0,76.58227848101265,과열권,2026-10-08
388610,5550.0,5632.5,5660.0,41.1042944785276,약세추세,2026-10-08
393970,2825.0,2825.0,2825.0,,데이터부족,2026-10-08
397810,6470.0,6652.5,6053.833333333333,42.23826714801444,중립,2026-10-08
403810,2035.0,2116.0,2185.05,48.59437751004016,중립,2026-10-08
403850,13660.0,12491.0,11737.333333333334,61.89427312775331,상승추세,2026-10-08
424870,3330.0,3254.5,3065.833333333333,44.72934472934472,중립,2026-10-08
435570,7100.0,7080.0,6999.833333333333,40.98360655737705,중립,2026-10-08
439260,45750.0,46472.5,47745.0,47.15025906735751,중립,2026-10-08
444530,4690.0,4718.0,4573.166666666667,43.66666666666667,중립,2026-10-08
448900,53500.0,53447.5,53688.333333333336,46.38297872340426,중립,2026-10-08
452450,6050.0,5219.25,3851.5,72.62569832402235,과열권,2026-10-08
455180,1286.0,1283.8,1423.55,45.55984555984556,중립,2026-10-08
456160,43350.0,36042.5,35670.833333333336,78.46153846153845,과열권,2026-10-08
459510,15430.0,15790.0,15121.666666666666,34.84486873508352,중립,2026-10-08
459550,1940.0,2219.05,1939.8666666666663,20.118343195266263,과매도권,2026-10-08
460870,3090.0,2903.75,2789.833333333333,71.57360406091371,과열권,2026-10-08
462310,3845.0,3857.0,3770.0833333333335,41.40127388535033,중립,2026-10-08
462860,2795.0,2953.0,2495.8,43.99038461538462,중립,2026-10-08
462980,1742.0,1640.2,1490.1833333333334,74.08759124087591,과열권,2026-10-08
463020,6520.0,7123.5,8053.333333333333,37.21973094170404,약세추세,2026-10-08
463480,3990.0,4019.75,4021.25,48.06629834254144,중립,2026-10-08
464490,4885.0,4778.75,5281.583333333333,53.77358490566038,중립,2026-10-08
466690,2015.0,2003.15,2004.1833333333327,51.79856115107915,중립,2026-10-08
468530,44100.0,39785.0,31880.33333333333,68.95674300254453,상승추세,2026-10-08
469610,15990.0,15772.0,14612.833333333334,52.658662092624354,상승추세,2026-10-08
474650,25250.0,27127.5,24475.83333333333,35.56485355648536,중립,2026-10-08
475040,2855.0,3241.5,3161.75,13.872832369942202,과매도권,2026-10-08
475230,9380.0,10171.0,8884.833333333334,16.666666666666657,과매도권,2026-10-08
475430,4455.0,4294.25,4265.333333333333,72.90322580645162,과열권,2026-10-08
475830,19370.0,34216.0,48937.833333333336,9.46621088614252,약세추세,2026-10-08
476040,6930.0,6754.5,7295.0,66.31578947368422,중립,2026-10-08
476830,26500.0,26852.5,28917.5,48.40579710144928,중립,2026-10-08
478340,14770.0,13103.0,11274.5,67.22354813046937,상승추세,2026-10-08
479960,6730.0,6196.0,6081.666666666667,79.0,과열권,2026-10-08
480020,10200.0,9986.4,10238.033333333333,60.61643835616438,중립,2026-10-08
480030,9595.0,9571.4,9875.533333333333,56.89655172413793,중립,2026-10-08
480040,15245.0,14369.6,14732.466666666667,86.26760563380282,과열권,2026-10-08
480370,2330.0,1898.55,1509.6333333333334,68.18473380372033,상승추세,2026-10-08
481070,14160.0,15240.5,16866.0,41.75438596491228,약세추세,2026-10-08
482630,15910.0,13711.5,13277.666666666666,78.69362363919129,과열권,2026-10-08
483650,171600.0,178055.0,209685.0,56.63430420711974,중립,2026-10-08
484120,23550.0,21711.0,19144.83333333333,72.33856893542757,과열권,2026-10-08
484590,7070.0,6932.0,6497.833333333333,57.3170731707317,상승추세,2026-10-08
484810,11710.0,12455.5,13248.833333333334,31.746031746031747,약세추세,2026-10-08
486990,19030.0,18885.0,18867.0,58.58921161825726,상승추세,2026-10-08
488280,15670.0,14695.0,11610.833333333334,53.65461847389558,상승추세,2026-10-08
488900,10050.0,10668.5,9498.0,47.58620689655172,중립,2026-10-08
489460,11870.0,11481.5,10466.833333333334,56.810631229235874,상승추세,2026-10-08
489500,23600.0,22462.5,20628.666666666668,66.10169491525423,상승추세,2026-10-08
490470,22400.0,17315.5,16754.166666666668,92.97297297297295,과열권,2026-10-08
491000,37700.0,32575.0,36391.66666666666,69.06666666666666,중립,2026-10-08
493280,18550.0,16638.0,16863.0,58.56269113149847,중립,2026-10-08
493330,13810.0,12602.0,11415.0,62.075471698113205,상승추세,2026-10-08
494120,9730.0,8785.0,9991.15,66.23853211009174,중립,2026-10-08
496070,2005.0,2005.45,2000.7666666666669,52.76381909547739,중립,2026-10-08
496320,1023000.0,1023000.0,1023000.0,,데이터부족,2026-10-08
498390,2765.0,2573.0,2510.2833333333333,75.22123893805309,과열권,2026-10-08
950250,4030.0,3611.0,2741.15,60.8910891089109,상승추세,2026-10-08
950260,25200.0,21374.0,,75.33970810266733,데이터부족,2026-10-08
0007J0,10000.0,10631.0,8744.666666666666,56.568144499178985,중립,2026-10-07
0017J0,3425.0,2719.25,2856.9166666666665,88.69565217391305,과열권,2026-10-07
0070X0,11170.0,10970.0,9709.0,50.8637236084453,상승추세,2026-10-07
0132G0,1996.0,1991.75,1993.35,50.0,중립,2026-10-07
408470,4630.0,4877.0,5197.833333333333,34.46601941747572,약세추세,2026-10-07
417030,28100.0,30695.0,,45.55555555555555,데이터부족,2026-10-07
487400,6120.0,7090.0,,30.79710144927536,데이터부족,2026-10-07
0130D0,1966.0,1966.2,1973.15,48.86363636363637,중립,2026-10-06
0131D0,1964.0,1963.05,1966.6833333333327,50.75757575757576,중립,2026-10-06
282620,11410.0,12664.5,,23.10756972111554,데이터부족,2026-10-06
387690,19200.0,17788.5,,55.88069780528981,데이터부족,2026-10-06
487580,2750.0,2987.5,3276.083333333333,22.22222222222221,약세추세,2026-10-06
0117P0,5590.0,5581.5,5418.166666666667,43.30708661417323,중립,2026-10-03
0203K0,10850.0,10850.0,,,데이터부족,2026-10-03
394420,8810.0,9470.5,10889.666666666666,39.73333333333333,약세추세,2026-10-03
373160,3425.0,3102.5,3099.6666666666665,74.6987951807229,과열권,2026-09-30
450950,5250.0,5204.5,5788.0,54.47761194029851,중립,2026-09-22
475460,2575.0,2582.2,2157.7833333333333,52.551477170993735,중립,2026-09-22
478560,3175.0,3147.75,2803.583333333333,44.785276073619634,중립,2026-09-22
493790,2025.0,2022.45,2015.55,52.38095238095238,상승추세,2026-09-22
332190,3495.0,2894.25,3047.333333333333,58.90207715133531,중립,2026-09-12
387570,6440.0,6318.0,5233.166666666667,72.41379310344828,과열권,2026-09-12
432980,2425.0,2558.75,2704.083333333333,41.1214953271028,약세추세,2026-09-12
177900,3835.0,4003.75,4247.25,29.729729729729726,약세추세,2026-09-04
487360,2030.0,2019.1,2017.9333333333327,71.73913043478261,과열권,2026-08-29
368030,8580.0,8580.0,8580.0,,데이터부족,2026-08-27
176750,6440.0,6360.0,6394.666666666667,57.03125,중립,2026-08-19
495810,13120.0,13120.0,13120.0,,데이터부족,2026-08-19
499790,41050.0,40007.5,41592.5,66.09686609686611,중립,2026-08-19
398120,2160.0,1973.2,2216.6666666666665,65.27777777777777,중립,2026-08-11
476060,14840.0,12156.5,14563.5,66.11295681063123,중립,2026-08-11
487720,2015.0,2014.25,2022.1666666666667,50.0,중립,2026-08-11
382150,3370.0,3501.25,5347.75,44.880174291939,약세추세,2026-07-24
457600,3310.0,2465.25,2130.483333333333,71.36563876651982,과열권,2026-07-24
471820,4315.0,4417.0,4752.333333333333,47.5609756097561,중립,2026-07-16
484870,23550.0,27073.25,29875.283333333333,47.77327935222672,중립,2026-07-16
492220,2015.0,2015.7,2035.15,46.26865671641792,중립,2026-07-08
415640,10050.0,9858.5,9921.5,60.869565217391305,중립,2026-06-30
489480,2040.0,2031.5,2034.6666666666667,62.50000000000001,중립,2026-06-30
389680,1963.0,2313.65,2682.8,39.30610452349583,약세추세,2026-06-20
489210,2035.0,2072.25,2089.75,23.33333333333333,약세추세,2026-06-20
489730,2020.0,2025.25,2051.6666666666665,47.61904761904762,중립,2026-06-20
482690,2125.0,2146.25,2141.45,46.15384615384615,중립,2026-06-16
459100,5220.0,5769.5,6026.333333333333,38.630136986301366,약세추세,2026-06-12
466410,9840.0,10573.0,11138.166666666666,30.943396226415103,약세추세,2026-06-04
474610,10140.0,12173.0,11962.0,43.89473684210527,중립,2026-06-04
484130,2035.0,2039.5,2057.333333333333,50.0,중립,2026-05-27
413390,8020.0,9130.5,8591.166666666666,18.58736059479554,과매도권,2026-05-19
394800,11620.0,12358.5,13239.666666666666,46.15384615384615,중립,2026-05-09
475660,4955.0,5382.75,5679.75,32.25806451612904,약세추세,2026-05-09
487830,2035.0,2056.5,2064.6833333333334,25.0,약세추세,2026-05-09
163280,6450.0,5953.5,6296.333333333333,63.13559322033898,중립,2026-04-23
464580,2095.0,2084.25,2271.6666666666665,62.50000000000001,중립,2026-04-23
473980,17590.0,18064.0,19650.666666666668,46.36678200692042,중립,2026-04-23
475960,55300.0,54745.0,54034.16666666666,44.518272425249165,중립,2026-04-15
