name,name_key,symbol,market,current_price,day_change_pct,quote_asof,quote_provider
디비금융스팩12호,db금융스팩12호,477760,,2030.0,,2026-05-28,NaverFinance
디비금융스팩13호,db금융스팩13호,489730,,2035.0,,2026-05-28,NaverFinance
디비금융스팩14호,db금융스팩14호,0004Y0,,2005.0,,2026-05-28,NaverFinance
DS단석,ds단석,017860,,18340.0,,2026-05-28,NaverFinance
E8,e8,418620,,1349.0,,2026-05-28,NaverFinance
GS피앤엘,gs피앤엘,499790,,43450.0,,2026-05-28,NaverFinance
HB인베스트먼트,hb인베스트먼트,440290,,1930.0,,2026-05-28,NaverFinance
HD현대마린솔루션,hd현대마린솔루션,443060,,241000.0,,2026-05-28,NaverFinance
HEM파마,hem파마,376270,,53600.0,,2026-05-28,NaverFinance
HS효성,hs효성,487570,,55300.0,,2026-05-28,NaverFinance
IBKS스팩23호,ibks스팩23호,467930,,2105.0,,2026-05-28,NaverFinance
IBKS스팩24호,ibks스팩24호,469480,,2400.0,,2026-05-28,NaverFinance
IBKS스팩25호,ibks스팩25호,0099X0,,2130.0,,2026-05-28,NaverFinance
KB발해인프라,kb발해인프라,415640,,10130.0,,2026-05-28,NaverFinance
KB스타리츠(유가),kb스타리츠,432320,,1555.0,,2026-05-28,NaverFinance
KB스팩27호,kb스팩27호,464680,,2105.0,,2026-05-28,NaverFinance
KB스팩29호,kb스팩29호,478390,,2065.0,,2026-05-28,NaverFinance
KB스팩30호,kb스팩30호,486630,,2040.0,,2026-05-28,NaverFinance
KB스팩31호,kb스팩31호,492220,,2035.0,,2026-05-28,NaverFinance
KB스팩32호,kb스팩32호,0037T0,,2000.0,,2026-05-28,NaverFinance
KB스팩33호,kb스팩33호,0072Z0,,1994.0,,2026-05-28,NaverFinance
KT밀리의서재,kt밀리의서재,418470,,10160.0,,2026-05-28,NaverFinance
LG씨엔에스,lg씨엔에스,064400,,94600.0,,2026-05-28,NaverFinance
LG에너지솔루션(유가),lg에너지솔루션,373220,,383500.0,,2026-05-28,NaverFinance
LS머트리얼즈,ls머트리얼즈,417200,,23200.0,,2026-05-28,NaverFinance
LS스팩1호,ls스팩1호,006260,,508000.0,,2026-05-28,NaverFinance
M83,m83,476080,,5370.0,,2026-05-28,NaverFinance
NH스팩29호,nh스팩29호,451700,,3440.0,,2026-05-28,NaverFinance
NH스팩31호,nh스팩31호,481890,,2120.0,,2026-05-28,NaverFinance
NH스팩32호,nh스팩32호,0054V0,,2030.0,,2026-05-28,NaverFinance
NH스팩33호,nh스팩33호,0130H0,,2005.0,,2026-05-28,NaverFinance
NH올원리츠(유가),nh올원리츠,400760,,3040.0,,2026-05-28,NaverFinance
엔에이치프라임리츠(유가),nh프라임리츠,338100,,4525.0,,2026-05-28,NaverFinance
NICE평가정보,nice평가정보,030190,,14010.0,,2026-05-28,NaverFinance
OCI,oci,456040,,119600.0,,2026-05-28,NaverFinance
RF시스템즈,rf시스템즈,474610,,13020.0,,2026-05-28,NaverFinance
SK리츠(유가),sk리츠,395400,,5780.0,,2026-05-28,NaverFinance
SK바이오사이언스(유가),sk바이오사이언스,302440,,41000.0,,2026-05-28,NaverFinance
SK아이이테크놀로지(유가),sk아이이테크놀로지,361610,,19190.0,,2026-05-28,NaverFinance
SK이터닉스,sk이터닉스,475150,,41050.0,,2026-05-28,NaverFinance
SK증권스팩11호,sk증권스팩11호,472230,,2070.0,,2026-05-28,NaverFinance
SK증권스팩12호,sk증권스팩12호,473000,,2055.0,,2026-05-28,NaverFinance
SK증권스팩13호,sk증권스팩13호,473950,,2040.0,,2026-05-28,NaverFinance
STX그린로지스,stx그린로지스,465770,,3175.0,,2026-05-28,NaverFinance
가온칩스,가온칩스,399720,,59100.0,,2026-05-28,NaverFinance
가이아코퍼레이션,가이아코퍼레이션,296520,,413.0,,2026-05-28,NaverFinance
고바이오랩,고바이오랩,348150,,4110.0,,2026-05-28,NaverFinance
공구우먼,공구우먼,366030,,5350.0,,2026-05-28,NaverFinance
교보스팩15호,교보스팩15호,465320,,2335.0,,2026-05-28,NaverFinance
교보스팩16호,교보스팩16호,482520,,2035.0,,2026-05-28,NaverFinance
교보스팩17호,교보스팩17호,489210,,2080.0,,2026-05-28,NaverFinance
교보스팩18호,교보스팩18호,0041B0,,2030.0,,2026-05-28,NaverFinance
교보스팩19호,교보스팩19호,0098T0,,2015.0,,2026-05-28,NaverFinance
교보스팩20호,교보스팩20호,0132G0,,1995.0,,2026-05-28,NaverFinance
교촌에프앤비(유가),교촌에프앤비,339770,,4115.0,,2026-05-28,NaverFinance
그래피,그래피,318060,,25300.0,,2026-05-28,NaverFinance
그리드위즈,그리드위즈,453450,,19410.0,,2026-05-28,NaverFinance
그린리소스,그린리소스,402490,,17050.0,,2026-05-28,NaverFinance
그린모빌리티,그린모빌리티,480040,,20755.0,,2026-05-28,NaverFinance
그린플러스,그린플러스,186230,,4010.0,,2026-05-28,NaverFinance
금양그린파워,금양그린파워,282720,,9910.0,,2026-05-28,NaverFinance
기가비스,기가비스,420770,,123400.0,,2026-05-28,NaverFinance
꿈비,꿈비,407400,,2900.0,,2026-05-28,NaverFinance
나노씨엠에스,나노씨엠에스,247660,,4800.0,,2026-05-28,NaverFinance
나노팀,나노팀,417010,,12560.0,,2026-05-28,NaverFinance
나라셀라,나라셀라,405920,,2385.0,,2026-05-28,NaverFinance
나라스페이스테크놀로지,나라스페이스테크놀로지,478340,,28950.0,,2026-05-28,NaverFinance
나래나노텍,나래나노텍,137080,,4825.0,,2026-05-28,NaverFinance
나우로보틱스,나우로보틱스,459510,,23850.0,,2026-05-28,NaverFinance
남화산업,남화산업,111710,,3445.0,,2026-05-28,NaverFinance
네오이뮨텍,네오이뮨텍,950220,,501.0,,2026-05-28,NaverFinance
네오크레마,네오크레마,311390,,3440.0,,2026-05-28,NaverFinance
네패스아크,네패스아크,330860,,49150.0,,2026-05-28,NaverFinance
넥스트바이오메디컬,넥스트바이오메디컬,389650,,45150.0,,2026-05-28,NaverFinance
넥스트칩,넥스트칩,396270,,4620.0,,2026-05-28,NaverFinance
넥스틴,넥스틴,348210,,69100.0,,2026-05-28,NaverFinance
넥스틸,넥스틸,092790,,16060.0,,2026-05-28,NaverFinance
노랑풍선,노랑풍선,104620,,4100.0,,2026-05-28,NaverFinance
노머스,노머스,473980,,14760.0,,2026-05-28,NaverFinance
노바렉스,노바렉스,194700,,16390.0,,2026-05-28,NaverFinance
노바텍,노바텍,285490,,18000.0,,2026-05-28,NaverFinance
노브랜드,노브랜드,145170,,4490.0,,2026-05-28,NaverFinance
노을,노을,376930,,1086.0,,2026-05-28,NaverFinance
노타,노타,486990,,26650.0,,2026-05-28,NaverFinance
녹십자웰빙,녹십자웰빙,234690,,10270.0,,2026-05-28,NaverFinance
뉴로메카,뉴로메카,348340,,58300.0,,2026-05-28,NaverFinance
뉴로핏,뉴로핏,380550,,16380.0,,2026-05-28,NaverFinance
뉴엔AI,뉴엔ai,463020,,9950.0,,2026-05-28,NaverFinance
뉴키즈온,뉴키즈온,462310,,3125.0,,2026-05-28,NaverFinance
뉴트리,뉴트리,270870,,3995.0,,2026-05-28,NaverFinance
다원넥스뷰,다원넥스뷰,323350,,20150.0,,2026-05-28,NaverFinance
달바글로벌,달바글로벌,483650,,207000.0,,2026-05-28,NaverFinance
닷밀,닷밀,464580,,1690.0,,2026-05-28,NaverFinance
대명에너지,대명에너지,389260,,16660.0,,2026-05-28,NaverFinance
대모(구.대모엔지니어링),대모,317850,,7740.0,,2026-05-28,NaverFinance
대보마그네틱,대보마그네틱,290670,,8250.0,,2026-05-28,NaverFinance
대성하이텍,대성하이텍,129920,,8000.0,,2026-05-28,NaverFinance
대신밸런스스팩17호,대신밸런스스팩17호,471050,,2100.0,,2026-05-28,NaverFinance
대신밸런스스팩19호,대신밸런스스팩19호,482690,,2150.0,,2026-05-28,NaverFinance
대진첨단소재,대진첨단소재,393970,,2825.0,,2026-05-28,NaverFinance
대한조선,대한조선,439260,,67500.0,,2026-05-28,NaverFinance
더네이쳐홀딩스,더네이쳐홀딩스,298540,,6710.0,,2026-05-28,NaverFinance
더본코리아,더본코리아,475560,,17630.0,,2026-05-28,NaverFinance
더블유씨피,더블유씨피,393890,,15120.0,,2026-05-28,NaverFinance
더즌,더즌,462860,,2790.0,,2026-05-28,NaverFinance
더핑크퐁컴퍼니,더핑크퐁컴퍼니,403850,,12720.0,,2026-05-28,NaverFinance
덕산테코피아,덕산테코피아,317330,,19860.0,,2026-05-28,NaverFinance
데이원컴퍼니,데이원컴퍼니,373160,,4170.0,,2026-05-28,NaverFinance
도우인시스,도우인시스,484120,,18870.0,,2026-05-28,NaverFinance
동구바이오제약,동구바이오제약,006620,,4635.0,,2026-05-28,NaverFinance
동국생명과학,동국생명과학,303810,,2975.0,,2026-05-28,NaverFinance
동국씨엠,동국씨엠,460850,,5850.0,,2026-05-28,NaverFinance
동국제강,동국제강,460860,,11460.0,,2026-05-28,NaverFinance
동방메디컬,동방메디컬,240550,,7230.0,,2026-05-28,NaverFinance
동인기연,동인기연,111380,,13410.0,,2026-05-28,NaverFinance
두산로보틱스,두산로보틱스,454910,,103000.0,,2026-05-28,NaverFinance
듀켐바이오,듀켐바이오,176750,,7360.0,,2026-05-28,NaverFinance
드림씨아이에스,드림씨아이에스,223250,,5730.0,,2026-05-28,NaverFinance
드림인사이트,드림인사이트,362990,,1433.0,,2026-05-28,NaverFinance
드림텍(유가),드림텍,192650,,5060.0,,2026-05-28,NaverFinance
디아이티,디아이티,110990,,24000.0,,2026-05-28,NaverFinance
디알젬,디알젬,263690,,5400.0,,2026-05-28,NaverFinance
디앤디파마텍,디앤디파마텍,347850,,98800.0,,2026-05-28,NaverFinance
디앤디플랫폼리츠,디앤디플랫폼리츠,377190,,2640.0,,2026-05-28,NaverFinance
디어유,디어유,376300,,25650.0,,2026-05-28,NaverFinance
디지캡,디지캡,197140,,1802.0,,2026-05-28,NaverFinance
디케이앤디,디케이앤디,263020,,3340.0,,2026-05-28,NaverFinance
디케이티,디케이티,290550,,26000.0,,2026-05-28,NaverFinance
디티앤씨알오,디티앤씨알오,383930,,3240.0,,2026-05-28,NaverFinance
딥노이드,딥노이드,315640,,2925.0,,2026-05-28,NaverFinance
라닉스,라닉스,317120,,2305.0,,2026-05-28,NaverFinance
라메디텍,라메디텍,462510,,3985.0,,2026-05-28,NaverFinance
라온피플,라온피플,300120,,677.0,,2026-05-28,NaverFinance
라파스,라파스,214260,,7410.0,,2026-05-28,NaverFinance
레몬,레몬,294140,,2720.0,,2026-05-28,NaverFinance
레뷰코퍼레이션,레뷰코퍼레이션,443250,,7370.0,,2026-05-28,NaverFinance
레이,레이,228670,,6500.0,,2026-05-28,NaverFinance
레이저쎌,레이저쎌,412350,,10070.0,,2026-05-28,NaverFinance
레이저옵텍,레이저옵텍,199550,,4340.0,,2026-05-28,NaverFinance
레인보우로보틱스,레인보우로보틱스,277810,,732000.0,,2026-05-28,NaverFinance
로보티즈,로보티즈,108490,,302500.0,,2026-05-28,NaverFinance
로킷헬스케어,로킷헬스케어,376900,,59300.0,,2026-05-28,NaverFinance
롯데렌탈(유가),롯데렌탈,089860,,31450.0,,2026-05-28,NaverFinance
롯데리츠(유가),롯데리츠,330590,,3915.0,,2026-05-28,NaverFinance
루닛,루닛,328130,,17180.0,,2026-05-28,NaverFinance
루미르,루미르,474170,,12900.0,,2026-05-28,NaverFinance
리메드,리메드,302550,,2890.0,,2026-05-28,NaverFinance
리브스메드,리브스메드,491000,,61700.0,,2026-05-28,NaverFinance
리센스메디컬,리센스메디컬,394420,,28500.0,,2026-05-28,NaverFinance
리파인,리파인,377450,,10270.0,,2026-05-28,NaverFinance
링크솔루션,링크솔루션,474650,,51600.0,,2026-05-28,NaverFinance
링크제니시스,링크제니시스,219420,,5120.0,,2026-05-28,NaverFinance
마녀공장,마녀공장,439090,,15590.0,,2026-05-28,NaverFinance
마니커에프앤지,마니커에프앤지,195500,,2370.0,,2026-05-28,NaverFinance
마스턴프리미어리츠(유가),마스턴프리미어리츠,357430,,840.0,,2026-05-28,NaverFinance
마이크로디지탈,마이크로디지탈,305090,,3660.0,,2026-05-28,NaverFinance
마이크로투나노,마이크로투나노,424980,,12520.0,,2026-05-28,NaverFinance
마키나락스,마키나락스,477850,,38600.0,,2026-05-28,NaverFinance
머큐리,머큐리,100590,,7030.0,,2026-05-28,NaverFinance
메가터치,메가터치,446540,,9020.0,,2026-05-28,NaverFinance
메드팩토,메드팩토,235980,,3770.0,,2026-05-28,NaverFinance
메리츠스팩1호,메리츠스팩1호,0088D0,,2140.0,,2026-05-28,NaverFinance
명신산업(유가),명신산업,009900,,10450.0,,2026-05-28,NaverFinance
명인제약,명인제약,317450,,48850.0,,2026-05-28,NaverFinance
모니터랩,모니터랩,434480,,3470.0,,2026-05-28,NaverFinance
모델솔루션,모델솔루션,417970,,17330.0,,2026-05-28,NaverFinance
모비릭스,모비릭스,348030,,2200.0,,2026-05-28,NaverFinance
모아데이타,모아데이타,288980,,1030.0,,2026-05-28,NaverFinance
모티브링크,모티브링크,463480,,6490.0,,2026-05-28,NaverFinance
미디어젠,미디어젠,279600,,5050.0,,2026-05-28,NaverFinance
미래반도체,미래반도체,254490,,30000.0,,2026-05-28,NaverFinance
미래에셋글로벌리츠(유가),미래에셋글로벌리츠,396690,,1435.0,,2026-05-28,NaverFinance
미래에셋벤처투자,미래에셋벤처투자,100790,,56200.0,,2026-05-28,NaverFinance
미래에셋비전스팩10호,미래에셋비전스팩10호,0097F0,,1996.0,,2026-05-28,NaverFinance
미래에셋비전스팩11호,미래에셋비전스팩11호,0099W0,,1999.0,,2026-05-28,NaverFinance
미래에셋비전스팩4호,미래에셋비전스팩4호,477380,,2055.0,,2026-05-28,NaverFinance
미래에셋비전스팩5호,미래에셋비전스팩5호,477470,,2075.0,,2026-05-28,NaverFinance
미래에셋비전스팩6호,미래에셋비전스팩6호,478440,,2055.0,,2026-05-28,NaverFinance
미래에셋비전스팩7호,미래에셋비전스팩7호,482680,,2055.0,,2026-05-28,NaverFinance
미래에셋비전스팩8호,미래에셋비전스팩8호,0093G0,,1997.0,,2026-05-28,NaverFinance
미래에셋비전스팩9호,미래에셋비전스팩9호,0096D0,,1994.0,,2026-05-28,NaverFinance
미쥬,미쥬,351020,,7190.0,,2026-05-28,NaverFinance
미트박스,미트박스,475460,,7370.0,,2026-05-28,NaverFinance
민테크,민테크,452200,,4070.0,,2026-05-28,NaverFinance
바이브컴퍼니,바이브컴퍼니,301300,,1935.0,,2026-05-28,NaverFinance
바이오노트(유가),바이오노트,377740,,5000.0,,2026-05-28,NaverFinance
바이오다인,바이오다인,314930,,10320.0,,2026-05-28,NaverFinance
바이오비쥬,바이오비쥬,489460,,6380.0,,2026-05-28,NaverFinance
바이오솔루션,바이오솔루션,086820,,8200.0,,2026-05-28,NaverFinance
바이오에프디엔씨,바이오에프디엔씨,251120,,11200.0,,2026-05-28,NaverFinance
바이오인프라,바이오인프라,199730,,3665.0,,2026-05-28,NaverFinance
바이오텐,바이오텐,289170,,3355.0,,2026-05-28,NaverFinance
바이오포트,바이오포트,188040,,5260.0,,2026-05-28,NaverFinance
바이오플러스,바이오플러스,099430,,5890.0,,2026-05-28,NaverFinance
바이젠셀,바이젠셀,308080,,13700.0,,2026-05-28,NaverFinance
박셀바이오,박셀바이오,323990,,5940.0,,2026-05-28,NaverFinance
배럴,배럴,267790,,3430.0,,2026-05-28,NaverFinance
뱅크웨어글로벌,뱅크웨어글로벌,199480,,4080.0,,2026-05-28,NaverFinance
버넥트,버넥트,438700,,2675.0,,2026-05-28,NaverFinance
범한퓨얼셀,범한퓨얼셀,382900,,34700.0,,2026-05-28,NaverFinance
벡트,벡트,457600,,1648.0,,2026-05-28,NaverFinance
보로노이,보로노이,310210,,282000.0,,2026-05-28,NaverFinance
보원케미칼,보원케미칼,0010F0,,3725.0,,2026-05-28,NaverFinance
본시스템즈,본시스템즈,496320,,1023000.0,,2026-05-28,NaverFinance
뷰노,뷰노,338220,,9720.0,,2026-05-28,NaverFinance
뷰티스킨,뷰티스킨,406820,,3000.0,,2026-05-28,NaverFinance
브레인즈컴퍼니,브레인즈컴퍼니,099390,,4045.0,,2026-05-28,NaverFinance
브이씨,브이씨,365900,,3100.0,,2026-05-28,NaverFinance
블랙야크아이앤씨,블랙야크아이앤씨,478560,,2980.0,,2026-05-28,NaverFinance
블루엠텍,블루엠텍,439580,,2430.0,,2026-05-28,NaverFinance
비나텍,비나텍,126340,,159900.0,,2026-05-28,NaverFinance
비비씨,비비씨,318410,,6850.0,,2026-05-28,NaverFinance
비씨엔씨,비씨엔씨,146320,,15500.0,,2026-05-28,NaverFinance
비아이매트릭스,비아이매트릭스,413640,,7490.0,,2026-05-28,NaverFinance
비에이치,비에이치,090460,,35050.0,,2026-05-28,NaverFinance
비엔케이스팩3호,비엔케이스팩3호,0068Y0,,2005.0,,2026-05-28,NaverFinance
비츠로넥스텍,비츠로넥스텍,488900,,14970.0,,2026-05-28,NaverFinance
비피도,비피도,238200,,2805.0,,2026-05-28,NaverFinance
삐아,삐아,451250,,7650.0,,2026-05-28,NaverFinance
사이냅소프트,사이냅소프트,466410,,10170.0,,2026-05-28,NaverFinance
사피엔반도체,사피엔반도체,452430,,47300.0,,2026-05-28,NaverFinance
산돌,산돌,419120,,3430.0,,2026-05-28,NaverFinance
산일전기,산일전기,062040,,270000.0,,2026-05-28,NaverFinance
삼미금속,삼미금속,012210,,12380.0,,2026-05-28,NaverFinance
삼성FN리츠(유가),삼성fn리츠,448730,,5590.0,,2026-05-28,NaverFinance
삼성스팩10호,삼성스팩10호,0044K0,,2010.0,,2026-05-28,NaverFinance
삼성스팩11호,삼성스팩11호,0071M0,,2010.0,,2026-05-28,NaverFinance
삼성스팩12호,삼성스팩12호,0096B0,,1997.0,,2026-05-28,NaverFinance
삼성스팩13호,삼성스팩13호,0115H0,,1997.0,,2026-05-28,NaverFinance
삼양바이오팜,삼양바이오팜,000120,,85800.0,,2026-05-28,NaverFinance
삼양엔씨켐,삼양엔씨켐,482630,,18990.0,,2026-05-28,NaverFinance
삼양컴텍,삼양컴텍,484590,,9410.0,,2026-05-28,NaverFinance
삼영에스앤씨,삼영에스앤씨,361670,,2955.0,,2026-05-28,NaverFinance
삼익제약,삼익제약,014950,,6960.0,,2026-05-28,NaverFinance
삼현,삼현,437730,,60900.0,,2026-05-28,NaverFinance
새빗켐,새빗켐,107600,,23550.0,,2026-05-28,NaverFinance
샌즈랩,샌즈랩,411080,,6550.0,,2026-05-28,NaverFinance
샘씨엔에스,샘씨엔에스,252990,,14420.0,,2026-05-28,NaverFinance
샤페론,샤페론,378800,,1237.0,,2026-05-28,NaverFinance
서남,서남,294630,,3745.0,,2026-05-28,NaverFinance
서울바이오시스,서울바이오시스,092190,,12410.0,,2026-05-28,NaverFinance
서울보증보험,서울보증보험,031210,,44400.0,,2026-05-28,NaverFinance
석경에이티,석경에이티,357550,,48850.0,,2026-05-28,NaverFinance
선바이오,선바이오,067370,,6140.0,,2026-05-28,NaverFinance
선진뷰티사이언스,선진뷰티사이언스,086710,,8370.0,,2026-05-28,NaverFinance
성우,성우,458650,,13090.0,,2026-05-28,NaverFinance
성일하이텍,성일하이텍,365340,,62900.0,,2026-05-28,NaverFinance
세경하이테크,세경하이테크,148150,,4005.0,,2026-05-28,NaverFinance
세나테크놀로지,세나테크놀로지,061090,,41100.0,,2026-05-28,NaverFinance
세니젠,세니젠,188260,,1972.0,,2026-05-28,NaverFinance
세미파이브,세미파이브,490470,,41200.0,,2026-05-28,NaverFinance
세븐브로이맥주,세븐브로이맥주,267080,,486.0,,2026-05-28,NaverFinance
세아메카닉스,세아메카닉스,396300,,5370.0,,2026-05-28,NaverFinance
세종메디칼,세종메디칼,258830,,412.0,,2026-05-28,NaverFinance
센서뷰,센서뷰,321370,,3565.0,,2026-05-28,NaverFinance
센코,센코,347000,,1985.0,,2026-05-28,NaverFinance
셀레믹스,셀레믹스,331920,,16170.0,,2026-05-28,NaverFinance
셀로맥스사이언스,셀로맥스사이언스,471820,,4855.0,,2026-05-28,NaverFinance
셀리드,셀리드,299660,,3280.0,,2026-05-28,NaverFinance
셀비온,셀비온,308430,,23300.0,,2026-05-28,NaverFinance
소룩스,소룩스,290690,,5520.0,,2026-05-28,NaverFinance
소마젠,소마젠,950200,,3095.0,,2026-05-28,NaverFinance
솔루엠(유가),솔루엠,248070,,20700.0,,2026-05-28,NaverFinance
솔트룩스,솔트룩스,304100,,18750.0,,2026-05-28,NaverFinance
수산인더스트리(유가),수산인더스트리,126720,,27700.0,,2026-05-28,NaverFinance
수젠텍,수젠텍,253840,,6100.0,,2026-05-28,NaverFinance
스마트레이더시스템,스마트레이더시스템,424960,,6050.0,,2026-05-28,NaverFinance
스코넥,스코넥,276040,,327.0,,2026-05-28,NaverFinance
스톤브릿지벤처스,스톤브릿지벤처스,330730,,6840.0,,2026-05-28,NaverFinance
스톰테크,스톰테크,352090,,3670.0,,2026-05-28,NaverFinance
스튜디오미르,스튜디오미르,408900,,1845.0,,2026-05-28,NaverFinance
스튜디오삼익,스튜디오삼익,415380,,2060.0,,2026-05-28,NaverFinance
시스웍,시스웍,269620,,889.0,,2026-05-28,NaverFinance
시지트로닉스,시지트로닉스,429270,,8180.0,,2026-05-28,NaverFinance
시큐레터,시큐레터,418250,,6550.0,,2026-05-28,NaverFinance
시프트업,시프트업,462870,,28200.0,,2026-05-28,NaverFinance
신도기연,신도기연,290520,,2210.0,,2026-05-28,NaverFinance
신성에스티,신성에스티,416180,,30400.0,,2026-05-28,NaverFinance
신영스팩10호,신영스팩10호,472220,,2130.0,,2026-05-28,NaverFinance
신영스팩11호,신영스팩11호,0091W0,,2050.0,,2026-05-28,NaverFinance
신테카바이오,신테카바이오,226330,,2420.0,,2026-05-28,NaverFinance
신한글로벌액티브리츠,신한글로벌액티브리츠,481850,,960.0,,2026-05-28,NaverFinance
신한서부티엔디리츠(유가),신한서부티엔디리츠,404990,,3740.0,,2026-05-28,NaverFinance
신한스팩12호,신한스팩12호,474660,,2050.0,,2026-05-28,NaverFinance
신한스팩13호,신한스팩13호,474930,,2100.0,,2026-05-28,NaverFinance
신한스팩14호,신한스팩14호,487360,,2030.0,,2026-05-28,NaverFinance
신한스팩15호,신한스팩15호,487830,,2025.0,,2026-05-28,NaverFinance
신한스팩16호,신한스팩16호,496070,,2005.0,,2026-05-28,NaverFinance
신한스팩17호,신한스팩17호,0130D0,,1992.0,,2026-05-28,NaverFinance
신한스팩18호,신한스팩18호,0129K0,,1993.0,,2026-05-28,NaverFinance
신한알파리츠(유가),신한알파리츠,293940,,5400.0,,2026-05-28,NaverFinance
실리콘투,실리콘투,257720,,37250.0,,2026-05-28,NaverFinance
심플랫폼,심플랫폼,444530,,10490.0,,2026-05-28,NaverFinance
싸이닉솔루션,싸이닉솔루션,234030,,5480.0,,2026-05-28,NaverFinance
싸이버원,싸이버원,356890,,3135.0,,2026-05-28,NaverFinance
싸이토젠,싸이토젠,217330,,4840.0,,2026-05-28,NaverFinance
쎄크,쎄크,081180,,10340.0,,2026-05-28,NaverFinance
쏘닉스,쏘닉스,088280,,4605.0,,2026-05-28,NaverFinance
쏘카(유가),쏘카,403550,,13480.0,,2026-05-28,NaverFinance
쓰리빌리언,쓰리빌리언,394800,,9780.0,,2026-05-28,NaverFinance
쓰리에이로직스,쓰리에이로직스,177900,,6200.0,,2026-05-28,NaverFinance
씨메스,씨메스,475400,,28350.0,,2026-05-28,NaverFinance
씨메스로보틱스,씨메스로보틱스,475400,,28350.0,,2026-05-28,NaverFinance
씨싸이트,씨싸이트,109670,,3750.0,,2026-05-28,NaverFinance
씨앤씨인터내셔널,씨앤씨인터내셔널,352480,,21150.0,,2026-05-28,NaverFinance
씨앤지하이테크,씨앤지하이테크,264660,,17930.0,,2026-05-28,NaverFinance
씨어스,씨어스,458870,,33250.0,,2026-05-28,NaverFinance
씨어스테크놀로지,씨어스테크놀로지,458870,,33250.0,,2026-05-28,NaverFinance
씨에스베어링,씨에스베어링,297090,,5540.0,,2026-05-28,NaverFinance
씨엠티엑스,씨엠티엑스,388210,,115600.0,,2026-05-28,NaverFinance
씨유테크,씨유테크,376290,,2840.0,,2026-05-28,NaverFinance
씨이랩,씨이랩,189330,,8850.0,,2026-05-28,NaverFinance
씨케이솔루션,씨케이솔루션,480370,,1880.0,,2026-05-28,NaverFinance
아로마티카,아로마티카,0015N0,,6660.0,,2026-05-28,NaverFinance
아모그린텍,아모그린텍,125210,,11350.0,,2026-05-28,NaverFinance
아모센스,아모센스,357580,,13430.0,,2026-05-28,NaverFinance
아셈스,아셈스,136410,,6050.0,,2026-05-28,NaverFinance
아스테라시스,아스테라시스,450950,,8990.0,,2026-05-28,NaverFinance
아스플로,아스플로,159010,,17240.0,,2026-05-28,NaverFinance
아시아나IDT(유가),아시아나idt,267850,,10170.0,,2026-05-28,NaverFinance
아시아종묘,아시아종묘,154030,,1766.0,,2026-05-28,NaverFinance
아우토크립트,아우토크립트,331740,,12120.0,,2026-05-28,NaverFinance
아이디피,아이디피,332370,,5220.0,,2026-05-28,NaverFinance
아이비젼웍스,아이비젼웍스,469750,,1163.0,,2026-05-28,NaverFinance
아이빔테크놀로지,아이빔테크놀로지,460470,,4335.0,,2026-05-28,NaverFinance
아이스크림미디어,아이스크림미디어,461300,,17470.0,,2026-05-28,NaverFinance
아이스크림에듀,아이스크림에듀,289010,,1484.0,,2026-05-28,NaverFinance
아이씨에이치,아이씨에이치,368600,,807.0,,2026-05-28,NaverFinance
아이씨티케이,아이씨티케이,456010,,36350.0,,2026-05-28,NaverFinance
아이언디바이스,아이언디바이스,464500,,3175.0,,2026-05-28,NaverFinance
아이에스티이,아이에스티이,212710,,14070.0,,2026-05-28,NaverFinance
아이엘로보틱스,아이엘로보틱스,403810,,2600.0,,2026-05-28,NaverFinance
아이엠바이오로직스,아이엠바이오로직스,493280,,36750.0,,2026-05-28,NaverFinance
아이엠비디엑스,아이엠비디엑스,461030,,5220.0,,2026-05-28,NaverFinance
아이엠지티,아이엠지티,456570,,11990.0,,2026-05-28,NaverFinance
아이엠티,아이엠티,451220,,14410.0,,2026-05-28,NaverFinance
아이지넷,아이지넷,462980,,1611.0,,2026-05-28,NaverFinance
아이퀘스트,아이퀘스트,262840,,3310.0,,2026-05-28,NaverFinance
아이큐어,아이큐어,175250,,2170.0,,2026-05-28,NaverFinance
아이티센피엔에스,아이티센피엔에스,232830,,4200.0,,2026-05-28,NaverFinance
아이티아이즈,아이티아이즈,372800,,3435.0,,2026-05-28,NaverFinance
아이티엠반도체,아이티엠반도체,084850,,14150.0,,2026-05-28,NaverFinance
아이티켐,아이티켐,309710,,21000.0,,2026-05-28,NaverFinance
아이패밀리에스씨,아이패밀리에스씨,114840,,10110.0,,2026-05-28,NaverFinance
아주IB투자,아주ib투자,027360,,15210.0,,2026-05-28,NaverFinance
아주스틸(유가),아주스틸,139990,,2940.0,,2026-05-28,NaverFinance
아톤,아톤,158430,,6980.0,,2026-05-28,NaverFinance
알리코제약,알리코제약,260660,,3125.0,,2026-05-28,NaverFinance
알멕,알멕,354320,,79000.0,,2026-05-28,NaverFinance
알비더블유,알비더블유,361570,,1795.0,,2026-05-28,NaverFinance
알지노믹스,알지노믹스,476830,,141700.0,,2026-05-28,NaverFinance
알체라,알체라,347860,,1891.0,,2026-05-28,NaverFinance
알트,알트,459550,,1738.0,,2026-05-28,NaverFinance
알피바이오,알피바이오,314140,,5750.0,,2026-05-28,NaverFinance
압타머사이언스,압타머사이언스,291650,,1085.0,,2026-05-28,NaverFinance
압타바이오,압타바이오,293780,,6370.0,,2026-05-28,NaverFinance
애경산업(유가),애경산업,018250,,12500.0,,2026-05-28,NaverFinance
애드바이오텍,애드바이오텍,179530,,2650.0,,2026-05-28,NaverFinance
애드포러스,애드포러스,397810,,5560.0,,2026-05-28,NaverFinance
액트로,액트로,290740,,14560.0,,2026-05-28,NaverFinance
앱코,앱코,129890,,934.0,,2026-05-28,NaverFinance
에르코스,에르코스,435570,,7200.0,,2026-05-28,NaverFinance
에브리봇,에브리봇,270660,,15200.0,,2026-05-28,NaverFinance
에스디바이오센서(유가),에스디바이오센서,137310,,8020.0,,2026-05-28,NaverFinance
에스바이오메딕스,에스바이오메딕스,304360,,31050.0,,2026-05-28,NaverFinance
에스비비테크,에스비비테크,389500,,83000.0,,2026-05-28,NaverFinance
에스앤디,에스앤디,260970,,57500.0,,2026-05-28,NaverFinance
에스에스알,에스에스알,275630,,3915.0,,2026-05-28,NaverFinance
에스엘에스바이오,에스엘에스바이오,246250,,1969.0,,2026-05-28,NaverFinance
에스엠씨지,에스엠씨지,460870,,3025.0,,2026-05-28,NaverFinance
에스오에스랩,에스오에스랩,464080,,13430.0,,2026-05-28,NaverFinance
에스와이스틸텍,에스와이스틸텍,365330,,2885.0,,2026-05-28,NaverFinance
에스제이그룹,에스제이그룹,306040,,3595.0,,2026-05-28,NaverFinance
에스지헬스케어,에스지헬스케어,398120,,2585.0,,2026-05-28,NaverFinance
에스켐,에스켐,475660,,4250.0,,2026-05-28,NaverFinance
에스테크엠,에스테크엠,0070X0,,10850.0,,2026-05-28,NaverFinance
에스투더블유,에스투더블유,488280,,25100.0,,2026-05-28,NaverFinance
에스팀,에스팀,458350,,6370.0,,2026-05-28,NaverFinance
에스피소프트,에스피소프트,443670,,4400.0,,2026-05-28,NaverFinance
에스피시스템스,에스피시스템스,317830,,8890.0,,2026-05-28,NaverFinance
에어레인,에어레인,163280,,5040.0,,2026-05-28,NaverFinance
에어부산(유가),에어부산,298690,,1876.0,,2026-05-28,NaverFinance
에이럭스,에이럭스,475580,,9040.0,,2026-05-28,NaverFinance
에이비엘바이오,에이비엘바이오,298380,,118500.0,,2026-05-28,NaverFinance
에이비온,에이비온,203400,,2065.0,,2026-05-28,NaverFinance
에이스토리,에이스토리,241840,,3545.0,,2026-05-28,NaverFinance
에이아이센서,에이아이센서,480020,,13360.0,,2026-05-28,NaverFinance
에이아이코리아,에이아이코리아,364950,,5660.0,,2026-05-28,NaverFinance
에이에스텍,에이에스텍,453860,,11470.0,,2026-05-28,NaverFinance
에이에프더블류,에이에프더블류,312610,,970.0,,2026-05-28,NaverFinance
에이엘티,에이엘티,172670,,17290.0,,2026-05-28,NaverFinance
에이유브랜즈,에이유브랜즈,481070,,14220.0,,2026-05-28,NaverFinance
에이직랜드,에이직랜드,445090,,30550.0,,2026-05-28,NaverFinance
에이치브이엠,에이치브이엠,295310,,119700.0,,2026-05-28,NaverFinance
에이치엔에스하이텍,에이치엔에스하이텍,044990,,14330.0,,2026-05-28,NaverFinance
에이치엠씨제7호스팩,에이치엠씨스팩7호,477340,,2035.0,,2026-05-28,NaverFinance
에이치와이티씨,에이치와이티씨,148930,,2760.0,,2026-05-28,NaverFinance
에이치피오,에이치피오,357230,,2775.0,,2026-05-28,NaverFinance
에이텀,에이텀,355690,,4340.0,,2026-05-28,NaverFinance
에이프로,에이프로,262260,,8080.0,,2026-05-28,NaverFinance
에이프릴바이오,에이프릴바이오,397030,,65700.0,,2026-05-28,NaverFinance
에이피알,에이피알,278470,,385000.0,,2026-05-28,NaverFinance
에코아이,에코아이,448280,,11180.0,,2026-05-28,NaverFinance
에코캡,에코캡,128540,,1552.0,,2026-05-28,NaverFinance
에코프로머티,에코프로머티,450080,,64100.0,,2026-05-28,NaverFinance
에코프로비엠,에코프로비엠,247540,,213500.0,,2026-05-28,NaverFinance
에프앤가이드,에프앤가이드,064850,,26100.0,,2026-05-28,NaverFinance
에피바이오텍,에피바이오텍,446440,,13990.0,,2026-05-28,NaverFinance
엑셀세라퓨틱스,엑셀세라퓨틱스,373110,,1474.0,,2026-05-28,NaverFinance
엔더블유시,엔더블유시,059180,,4900.0,,2026-05-28,NaverFinance
엔바이오니아,엔바이오니아,317870,,6070.0,,2026-05-28,NaverFinance
엔비티,엔비티,236810,,1462.0,,2026-05-28,NaverFinance
엔시스,엔시스,333620,,6080.0,,2026-05-28,NaverFinance
엔알비,엔알비,475230,,14290.0,,2026-05-28,NaverFinance
엔에프씨,엔에프씨,265740,,5730.0,,2026-05-28,NaverFinance
엔젠바이오,엔젠바이오,354200,,1100.0,,2026-05-28,NaverFinance
엔젤로보틱스,엔젤로보틱스,455900,,25850.0,,2026-05-28,NaverFinance
엔젯,엔젯,419080,,5700.0,,2026-05-28,NaverFinance
엔지켐생명과학,엔지켐생명과학,183490,,990.0,,2026-05-28,NaverFinance
엔켐,엔켐,348370,,34900.0,,2026-05-28,NaverFinance
엘비인베스트먼트,엘비인베스트먼트,309960,,4950.0,,2026-05-28,NaverFinance
엘앤씨바이오,엘앤씨바이오,290650,,79000.0,,2026-05-28,NaverFinance
엘앤에프,엘앤에프,066970,,149700.0,,2026-05-28,NaverFinance
엘에스스팩1호,엘에스스팩1호,0041J0,,2000.0,,2026-05-28,NaverFinance
엘케이켐,엘케이켐,489500,,36600.0,,2026-05-28,NaverFinance
엠디바이스,엠디바이스,226590,,19730.0,,2026-05-28,NaverFinance
엠로,엠로,058970,,28300.0,,2026-05-28,NaverFinance
엠아이큐브솔루션,엠아이큐브솔루션,373170,,2390.0,,2026-05-28,NaverFinance
엠아이텍,엠아이텍,179290,,5000.0,,2026-05-28,NaverFinance
엠앤씨솔루션,엠앤씨솔루션,484870,,78500.0,,2026-05-28,NaverFinance
엠에프씨,엠에프씨,432980,,2850.0,,2026-05-28,NaverFinance
엠오티,엠오티,413390,,7270.0,,2026-05-28,NaverFinance
영림원소프트랩,영림원소프트랩,060850,,6200.0,,2026-05-28,NaverFinance
오가노이드사이언스,오가노이드사이언스,476040,,16390.0,,2026-05-28,NaverFinance
오로스테크놀로지,오로스테크놀로지,322310,,28900.0,,2026-05-28,NaverFinance
오름테라퓨틱,오름테라퓨틱,475830,,73500.0,,2026-05-28,NaverFinance
오브젠,오브젠,417860,,7230.0,,2026-05-28,NaverFinance
오상헬스케어,오상헬스케어,036220,,7380.0,,2026-05-28,NaverFinance
오션스바이오,오션스바이오,332190,,5750.0,,2026-05-28,NaverFinance
오스테오닉,오스테오닉,226400,,5360.0,,2026-05-28,NaverFinance
오아,오아,342870,,6000.0,,2026-05-28,NaverFinance
오에스피,오에스피,368970,,3850.0,,2026-05-28,NaverFinance
오토앤,오토앤,353590,,2430.0,,2026-05-28,NaverFinance
오파스넷,오파스넷,173130,,7520.0,,2026-05-28,NaverFinance
오픈놀,오픈놀,440320,,3495.0,,2026-05-28,NaverFinance
오픈엣지테크놀로지,오픈엣지테크놀로지,394280,,17140.0,,2026-05-28,NaverFinance
온코닉테라퓨틱스,온코닉테라퓨틱스,476060,,19800.0,,2026-05-28,NaverFinance
온코크로스,온코크로스,382150,,6790.0,,2026-05-28,NaverFinance
올리패스,올리패스,244460,,1651.0,,2026-05-28,NaverFinance
올릭스,올릭스,226950,,177200.0,,2026-05-28,NaverFinance
옵티팜,옵티팜,153710,,4885.0,,2026-05-28,NaverFinance
와이랩,와이랩,432430,,2645.0,,2026-05-28,NaverFinance
와이바이오로직스,와이바이오로직스,338840,,18210.0,,2026-05-28,NaverFinance
와이엠텍,와이엠텍,273640,,8790.0,,2026-05-28,NaverFinance
와이제이링크,와이제이링크,209640,,7960.0,,2026-05-28,NaverFinance
와이즈넛,와이즈넛,096250,,8320.0,,2026-05-28,NaverFinance
우듬지팜,우듬지팜,403490,,912.0,,2026-05-28,NaverFinance
우양,우양,103840,,2530.0,,2026-05-28,NaverFinance
우양에이치씨,우양에이치씨,101970,,11370.0,,2026-05-28,NaverFinance
우진아이엔에스(유가),우진아이엔에스,010400,,3905.0,,2026-05-28,NaverFinance
우진엔텍,우진엔텍,457550,,23300.0,,2026-05-28,NaverFinance
워트,워트,396470,,8150.0,,2026-05-28,NaverFinance
원일티엔아이,원일티엔아이,136150,,13960.0,,2026-05-28,NaverFinance
원준,원준,382840,,8810.0,,2026-05-28,NaverFinance
원티드랩,원티드랩,376980,,2755.0,,2026-05-28,NaverFinance
웨이비스,웨이비스,289930,,13910.0,,2026-05-28,NaverFinance
웹케시,웹케시,053580,,7430.0,,2026-05-28,NaverFinance
위너스,위너스,479960,,9290.0,,2026-05-28,NaverFinance
위너스일렉,위너스일렉,479960,,9290.0,,2026-05-28,NaverFinance
위니아에이드,위니아에이드,377460,,4080.0,,2026-05-28,NaverFinance
위더스제약,위더스제약,330350,,7160.0,,2026-05-28,NaverFinance
위드텍,위드텍,348350,,11000.0,,2026-05-28,NaverFinance
위세아이텍,위세아이텍,065370,,4170.0,,2026-05-28,NaverFinance
위지윅스튜디오,위지윅스튜디오,299900,,330.0,,2026-05-28,NaverFinance
위츠,위츠,459100,,6370.0,,2026-05-28,NaverFinance
윙입푸드,윙입푸드,900340,,742.0,,2026-05-28,NaverFinance
유디엠텍,유디엠텍,389680,,2510.0,,2026-05-28,NaverFinance
유라클,유라클,088340,,10420.0,,2026-05-28,NaverFinance
유비씨,유비씨,495810,,13120.0,,2026-05-28,NaverFinance
유비온,유비온,084440,,1106.0,,2026-05-28,NaverFinance
유안타스팩15호,유안타스팩15호,473050,,2075.0,,2026-05-28,NaverFinance
유안타스팩16호,유안타스팩16호,474490,,2050.0,,2026-05-28,NaverFinance
유안타스팩17호,유안타스팩17호,493790,,2025.0,,2026-05-28,NaverFinance
유일로보틱스,유일로보틱스,388720,,89100.0,,2026-05-28,NaverFinance
유일에너테크,유일에너테크,340930,,806.0,,2026-05-28,NaverFinance
유진스팩10호,유진스팩10호,468760,,2080.0,,2026-05-28,NaverFinance
유진스팩11호,유진스팩11호,488060,,2040.0,,2026-05-28,NaverFinance
유진스팩12호,유진스팩12호,0105P0,,1995.0,,2026-05-28,NaverFinance
유진테크놀로지,유진테크놀로지,240600,,2740.0,,2026-05-28,NaverFinance
유투바이오,유투바이오,221800,,11080.0,,2026-05-28,NaverFinance
유틸렉스,유틸렉스,263050,,959.0,,2026-05-28,NaverFinance
윤성에프앤씨,윤성에프앤씨,372170,,28650.0,,2026-05-28,NaverFinance
율촌,율촌,146060,,1107.0,,2026-05-28,NaverFinance
이노뎁,이노뎁,303530,,3905.0,,2026-05-28,NaverFinance
이노룰스,이노룰스,296640,,6660.0,,2026-05-28,NaverFinance
이노메트리,이노메트리,302430,,10110.0,,2026-05-28,NaverFinance
이노스페이스,이노스페이스,462350,,16130.0,,2026-05-28,NaverFinance
이노시뮬레이션,이노시뮬레이션,274400,,3070.0,,2026-05-28,NaverFinance
이노진,이노진,344860,,1461.0,,2026-05-28,NaverFinance
이노테크,이노테크,469610,,20100.0,,2026-05-28,NaverFinance
이닉스,이닉스,452400,,7570.0,,2026-05-28,NaverFinance
이뮨온시아,이뮨온시아,424870,,6310.0,,2026-05-28,NaverFinance
이베스트스팩6호,이베스트스팩6호,478110,,2045.0,,2026-05-28,NaverFinance
이삭엔지니어링,이삭엔지니어링,351330,,6570.0,,2026-05-28,NaverFinance
이수스페셜티케미컬,이수스페셜티케미컬,457190,,95600.0,,2026-05-28,NaverFinance
이엔셀,이엔셀,456070,,11250.0,,2026-05-28,NaverFinance
이오플로우,이오플로우,294090,,1490.0,,2026-05-28,NaverFinance
이지스,이지스,261520,,5710.0,,2026-05-28,NaverFinance
이지스레지던스리츠(유가),이지스레지던스리츠,350520,,3495.0,,2026-05-28,NaverFinance
이지스밸류플러스리츠(유가),이지스밸류플러스리츠,334890,,3990.0,,2026-05-28,NaverFinance
이지케어텍,이지케어텍,099750,,7860.0,,2026-05-28,NaverFinance
이지트로닉스,이지트로닉스,377330,,3310.0,,2026-05-28,NaverFinance
인바이오,인바이오,352940,,2205.0,,2026-05-28,NaverFinance
인벤테라,인벤테라,0007J0,,14860.0,,2026-05-28,NaverFinance
인벤티지랩,인벤티지랩,389470,,53900.0,,2026-05-28,NaverFinance
인스웨이브,인스웨이브,450520,,2600.0,,2026-05-28,NaverFinance
인스피언,인스피언,465480,,5880.0,,2026-05-28,NaverFinance
인카금융서비스,인카금융서비스,211050,,9400.0,,2026-05-28,NaverFinance
인투셀,인투셀,287840,,30700.0,,2026-05-28,NaverFinance
일진하이솔루스(유가),일진하이솔루스,271940,,14550.0,,2026-05-28,NaverFinance
자람테크놀로지,자람테크놀로지,389020,,41950.0,,2026-05-28,NaverFinance
자이언트스텝,자이언트스텝,289220,,2015.0,,2026-05-28,NaverFinance
자이에스앤디(유가),자이에스앤디,317400,,3765.0,,2026-05-28,NaverFinance
저스템,저스템,417840,,18990.0,,2026-05-28,NaverFinance
전진건설로봇,전진건설로봇,079900,,58800.0,,2026-05-28,NaverFinance
전진바이오팜,전진바이오팜,110020,,1808.0,,2026-05-28,NaverFinance
제노레이,제노레이,122310,,4200.0,,2026-05-28,NaverFinance
제노코,제노코,361390,,23350.0,,2026-05-28,NaverFinance
제놀루션,제놀루션,225220,,1750.0,,2026-05-28,NaverFinance
제닉스로보틱스,제닉스로보틱스,381620,,12920.0,,2026-05-28,NaverFinance
제이아이테크,제이아이테크,417500,,3970.0,,2026-05-28,NaverFinance
제이알글로벌리츠(유가),제이알글로벌리츠,348950,,1182.0,,2026-05-28,NaverFinance
제이앤티씨,제이앤티씨,204270,,20850.0,,2026-05-28,NaverFinance
제이엔비,제이엔비,452160,,4940.0,,2026-05-28,NaverFinance
제이오,제이오,418550,,7750.0,,2026-05-28,NaverFinance
제이투케이바이오,제이투케이바이오,420570,,9530.0,,2026-05-28,NaverFinance
제일엠앤에스,제일엠앤에스,412540,,3935.0,,2026-05-28,NaverFinance
제테마,제테마,216080,,5350.0,,2026-05-28,NaverFinance
젠큐릭스,젠큐릭스,229000,,3365.0,,2026-05-28,NaverFinance
조선내화,조선내화,462520,,14600.0,,2026-05-28,NaverFinance
지구홀딩스,지구홀딩스,221800,,11080.0,,2026-05-28,NaverFinance
지노믹트리,지노믹트리,228760,,14160.0,,2026-05-28,NaverFinance
지놈앤컴퍼니,지놈앤컴퍼니,314130,,5710.0,,2026-05-28,NaverFinance
지누스(유가),지누스,013890,,9740.0,,2026-05-28,NaverFinance
지니너스,지니너스,389030,,3885.0,,2026-05-28,NaverFinance
지씨지놈,지씨지놈,340450,,6740.0,,2026-05-28,NaverFinance
지아이이노베이션,지아이이노베이션,358570,,14980.0,,2026-05-28,NaverFinance
지아이텍,지아이텍,382480,,2550.0,,2026-05-28,NaverFinance
지에프씨생명과학,지에프씨생명과학,388610,,7410.0,,2026-05-28,NaverFinance
지에프아이,지에프아이,493330,,15600.0,,2026-05-28,NaverFinance
지오엘리먼트,지오엘리먼트,311320,,8570.0,,2026-05-28,NaverFinance
지투지바이오,지투지바이오,456160,,64200.0,,2026-05-28,NaverFinance
지투파워,지투파워,388050,,10650.0,,2026-05-28,NaverFinance
진시스템,진시스템,363250,,4155.0,,2026-05-28,NaverFinance
진영(구.진영엘디엠),진영,285800,,1405.0,,2026-05-28,NaverFinance
차백신연구소,차백신연구소,261780,,3960.0,,2026-05-28,NaverFinance
차이커뮤니케이션,차이커뮤니케이션,351870,,3020.0,,2026-05-28,NaverFinance
채비(구.대영채비),채비,0011T0,,12120.0,,2026-05-28,NaverFinance
천보,천보,278280,,48000.0,,2026-05-28,NaverFinance
청담글로벌,청담글로벌,362320,,4320.0,,2026-05-28,NaverFinance
카카오게임즈,카카오게임즈,293490,,9780.0,,2026-05-28,NaverFinance
카카오뱅크(유가),카카오뱅크,323410,,21850.0,,2026-05-28,NaverFinance
카카오페이(유가),카카오페이,377300,,46750.0,,2026-05-28,NaverFinance
카티스,카티스,140430,,3760.0,,2026-05-28,NaverFinance
카페24,카페24,042000,,20000.0,,2026-05-28,NaverFinance
캔버스엔,캔버스엔,210120,,1092.0,,2026-05-28,NaverFinance
캡스톤파트너스,캡스톤파트너스,452300,,3415.0,,2026-05-28,NaverFinance
컨텍,컨텍,451760,,17930.0,,2026-05-28,NaverFinance
케어랩스,케어랩스,263700,,2220.0,,2026-05-28,NaverFinance
케이뱅크,케이뱅크,279570,,5530.0,,2026-05-28,NaverFinance
케이쓰리아이,케이쓰리아이,431190,,3815.0,,2026-05-28,NaverFinance
케이엔알시스템,케이엔알시스템,199430,,19460.0,,2026-05-28,NaverFinance
케이엔에스,케이엔에스,432470,,10850.0,,2026-05-28,NaverFinance
케이엔제이,케이엔제이,272110,,33750.0,,2026-05-28,NaverFinance
케이옥션,케이옥션,102370,,2970.0,,2026-05-28,NaverFinance
케이웨더,케이웨더,068100,,2670.0,,2026-05-28,NaverFinance
케이지에이,케이지에이,455180,,2195.0,,2026-05-28,NaverFinance
케이카(유가),케이카,381970,,9410.0,,2026-05-28,NaverFinance
케이피항공산업,케이피항공산업,288180,,20350.0,,2026-05-28,NaverFinance
켄코아에어로스페이스,켄코아에어로스페이스,274090,,32550.0,,2026-05-28,NaverFinance
코난테크놀로지,코난테크놀로지,402030,,16200.0,,2026-05-28,NaverFinance
코람코더원리츠(유가),코람코더원리츠,417310,,10000.0,,2026-05-28,NaverFinance
코리아에셋투자증권,코리아에셋투자증권,190650,,7760.0,,2026-05-28,NaverFinance
코셈,코셈,360350,,11920.0,,2026-05-28,NaverFinance
코스모로보틱스(구.엑소아틀레트아시아),코스모로보틱스,439960,,40500.0,,2026-05-28,NaverFinance
코어라인소프트,코어라인소프트,384470,,3250.0,,2026-05-28,NaverFinance
코윈테크,코윈테크,282880,,15160.0,,2026-05-28,NaverFinance
코츠테크놀로지,코츠테크놀로지,448710,,17360.0,,2026-05-28,NaverFinance
코칩,코칩,126730,,23700.0,,2026-05-28,NaverFinance
쿠콘,쿠콘,294570,,24850.0,,2026-05-28,NaverFinance
쿼드메디슨,쿼드메디슨,464490,,9840.0,,2026-05-28,NaverFinance
퀀타매트릭스,퀀타매트릭스,317690,,3285.0,,2026-05-28,NaverFinance
퀄리타스반도체,퀄리타스반도체,432720,,18400.0,,2026-05-28,NaverFinance
큐라클,큐라클,365270,,14330.0,,2026-05-28,NaverFinance
큐라티스,큐라티스,348080,,560.0,,2026-05-28,NaverFinance
큐로셀,큐로셀,372320,,35900.0,,2026-05-28,NaverFinance
큐리오시스,큐리오시스,494120,,40400.0,,2026-05-28,NaverFinance
큐리옥스바이오시스템즈,큐리옥스바이오시스템즈,445680,,89400.0,,2026-05-28,NaverFinance
큐알티,큐알티,405100,,19140.0,,2026-05-28,NaverFinance
크라우드웍스,크라우드웍스,355390,,2500.0,,2026-05-28,NaverFinance
크래프톤(유가),크래프톤,259960,,255000.0,,2026-05-28,NaverFinance
크리스에프앤씨,크리스에프앤씨,110790,,3485.0,,2026-05-28,NaverFinance
클라우드엣지,클라우드엣지,480030,,11450.0,,2026-05-28,NaverFinance
클로봇,클로봇,466100,,40950.0,,2026-05-28,NaverFinance
키스트론,키스트론,475430,,5400.0,,2026-05-28,NaverFinance
키움스팩10호,키움스팩10호,487720,,2015.0,,2026-05-28,NaverFinance
키움스팩11호,키움스팩11호,489480,,2025.0,,2026-05-28,NaverFinance
키움히어로스팩1호,키움히어로스팩1호,466690,,2010.0,,2026-05-28,NaverFinance
키움히어로스팩2호,키움히어로스팩2호,0131D0,,1981.0,,2026-05-28,NaverFinance
타조이엔터테인먼트,타조이엔터테인먼트,476710,,18860.0,,2026-05-28,NaverFinance
탑런토탈솔루션,탑런토탈솔루션,336680,,3400.0,,2026-05-28,NaverFinance
탑머티리얼,탑머티리얼,360070,,14890.0,,2026-05-28,NaverFinance
태웅로직스,태웅로직스,124560,,2075.0,,2026-05-28,NaverFinance
테라뷰,테라뷰,950250,,4170.0,,2026-05-28,NaverFinance
토마토시스템,토마토시스템,393210,,3500.0,,2026-05-28,NaverFinance
토모큐브,토모큐브,475960,,43650.0,,2026-05-28,NaverFinance
툴젠,툴젠,199800,,66200.0,,2026-05-28,NaverFinance
트루엔,트루엔,417790,,6760.0,,2026-05-28,NaverFinance
트윔,트윔,290090,,5820.0,,2026-05-28,NaverFinance
티디에스팜,티디에스팜,464280,,7650.0,,2026-05-28,NaverFinance
티로보틱스,티로보틱스,117730,,17690.0,,2026-05-28,NaverFinance
티쓰리엔터테인먼트,티쓰리엔터테인먼트,204610,,2810.0,,2026-05-28,NaverFinance
티씨머티리얼즈,티씨머티리얼즈,125020,,8810.0,,2026-05-28,NaverFinance
티앤알바이오팹,티앤알바이오팹,246710,,2180.0,,2026-05-28,NaverFinance
티앤엘,티앤엘,340570,,61400.0,,2026-05-28,NaverFinance
티에스아이,티에스아이,277880,,4645.0,,2026-05-28,NaverFinance
티에프이,티에프이,425420,,54200.0,,2026-05-28,NaverFinance
티엑스알로보틱스,티엑스알로보틱스,484810,,15430.0,,2026-05-28,NaverFinance
티엘비,티엘비,356860,,128800.0,,2026-05-28,NaverFinance
티엠씨,티엠씨,217590,,25200.0,,2026-05-28,NaverFinance
티움바이오,티움바이오,321550,,7320.0,,2026-05-28,NaverFinance
티이엠씨,티이엠씨,425040,,22300.0,,2026-05-28,NaverFinance
파두,파두,440110,,116900.0,,2026-05-28,NaverFinance
파라다이스,파라다이스,034230,,14050.0,,2026-05-28,NaverFinance
파라택시스이더리움,파라택시스이더리움,290560,,1287.0,,2026-05-28,NaverFinance
파로스아이바이오,파로스아이바이오,388870,,6970.0,,2026-05-28,NaverFinance
파워넷,파워넷,037030,,7510.0,,2026-05-28,NaverFinance
파인메딕스,파인메딕스,387570,,6990.0,,2026-05-28,NaverFinance
팜스빌,팜스빌,318010,,3580.0,,2026-05-28,NaverFinance
팡스카이,팡스카이,266350,,398.0,,2026-05-28,NaverFinance
펌텍코리아,펌텍코리아,251970,,37300.0,,2026-05-28,NaverFinance
페스카로,페스카로,0015S0,,11160.0,,2026-05-28,NaverFinance
펨트론,펨트론,168360,,21100.0,,2026-05-28,NaverFinance
포바이포,포바이포,389140,,7040.0,,2026-05-28,NaverFinance
포스뱅크,포스뱅크,105760,,5220.0,,2026-05-28,NaverFinance
포스코DX,포스코dx,022100,,31150.0,,2026-05-28,NaverFinance
포인트모바일,포인트모바일,318020,,2960.0,,2026-05-28,NaverFinance
폰드그룹,폰드그룹,472850,,4390.0,,2026-05-28,NaverFinance
폴레드,폴레드,487580,,6150.0,,2026-05-28,NaverFinance
푸드나무,푸드나무,290720,,3195.0,,2026-05-28,NaverFinance
풍원정밀,풍원정밀,371950,,8090.0,,2026-05-28,NaverFinance
퓨런티어,퓨런티어,370090,,11150.0,,2026-05-28,NaverFinance
퓨릿,퓨릿,445180,,11550.0,,2026-05-28,NaverFinance
프레스티지바이오로직스,프레스티지바이오로직스,334970,,1981.0,,2026-05-28,NaverFinance
프레스티지바이오파마(유가),프레스티지바이오파마,950210,,7390.0,,2026-05-28,NaverFinance
프로젠,프로젠,296160,,4760.0,,2026-05-28,NaverFinance
프로티나,프로티나,468530,,44200.0,,2026-05-28,NaverFinance
프로티아,프로티아,303360,,4470.0,,2026-05-28,NaverFinance
프롬바이오,프롬바이오,377220,,981.0,,2026-05-28,NaverFinance
프리시젼바이오,프리시젼바이오,335810,,1957.0,,2026-05-28,NaverFinance
플라즈맵,플라즈맵,405000,,5560.0,,2026-05-28,NaverFinance
플래티어,플래티어,367000,,3505.0,,2026-05-28,NaverFinance
플레이디,플레이디,237820,,3775.0,,2026-05-28,NaverFinance
플리토,플리토,300080,,8580.0,,2026-05-28,NaverFinance
피아이이,피아이이,452450,,5690.0,,2026-05-28,NaverFinance
피앤에스로보틱스,피앤에스로보틱스,460940,,7430.0,,2026-05-28,NaverFinance
피엔에이치테크,피엔에이치테크,239890,,4465.0,,2026-05-28,NaverFinance
피엔케이피부임상연구센타,피엔케이피부임상연구센타,347740,,2070.0,,2026-05-28,NaverFinance
피코그램,피코그램,376180,,2105.0,,2026-05-28,NaverFinance
피플바이오,피플바이오,304840,,1162.0,,2026-05-28,NaverFinance
핀텔,핀텔,291810,,1462.0,,2026-05-28,NaverFinance
필에너지,필에너지,378340,,16410.0,,2026-05-28,NaverFinance
핌스,핌스,347770,,1700.0,,2026-05-28,NaverFinance
핑거,핑거,163730,,17580.0,,2026-05-28,NaverFinance
하나기술,하나기술,299030,,20900.0,,2026-05-28,NaverFinance
하나스팩30호,하나스팩30호,469880,,2100.0,,2026-05-28,NaverFinance
하나스팩31호,하나스팩31호,469900,,2070.0,,2026-05-28,NaverFinance
하나스팩32호,하나스팩32호,475240,,2100.0,,2026-05-28,NaverFinance
하나스팩33호,하나스팩33호,475250,,2075.0,,2026-05-28,NaverFinance
하나스팩34호,하나스팩34호,484130,,2025.0,,2026-05-28,NaverFinance
하나스팩35호,하나스팩35호,0041L0,,2005.0,,2026-05-28,NaverFinance
하나스팩36호,하나스팩36호,0101C0,,1998.0,,2026-05-28,NaverFinance
하나제약(유가),하나제약,293480,,9690.0,,2026-05-28,NaverFinance
하스,하스,450330,,6050.0,,2026-05-28,NaverFinance
하이브(구.빅히트)(유가),하이브,352820,,233000.0,,2026-05-28,NaverFinance
하이젠알앤엠,하이젠알앤엠,160190,,34400.0,,2026-05-28,NaverFinance
한국스팩13호,한국스팩13호,464440,,2105.0,,2026-05-28,NaverFinance
한국스팩15호,한국스팩15호,479880,,2055.0,,2026-05-28,NaverFinance
한국유니온제약,한국유니온제약,080720,,2725.0,,2026-05-28,NaverFinance
한국파마,한국파마,032300,,10030.0,,2026-05-28,NaverFinance
한국피아이엠,한국피아이엠,448900,,102900.0,,2026-05-28,NaverFinance
한독크린텍,한독크린텍,256150,,5110.0,,2026-05-28,NaverFinance
한라캐스트,한라캐스트,125490,,15810.0,,2026-05-28,NaverFinance
한빛레이저,한빛레이저,452190,,6930.0,,2026-05-28,NaverFinance
한선엔지니어링,한선엔지니어링,452280,,31000.0,,2026-05-28,NaverFinance
한싹,한싹,430690,,4000.0,,2026-05-28,NaverFinance
한주라이트메탈(구.한주금속),한주라이트메탈,198940,,2555.0,,2026-05-28,NaverFinance
한중엔시에스,한중엔시에스,107640,,50300.0,,2026-05-28,NaverFinance
한컴라이프케어(유가),한컴라이프케어,372910,,2160.0,,2026-05-28,NaverFinance
한켐,한켐,457370,,11260.0,,2026-05-28,NaverFinance
한텍,한텍,098070,,35150.0,,2026-05-28,NaverFinance
한패스,한패스,408470,,10100.0,,2026-05-28,NaverFinance
한화비전,한화비전,489790,,68100.0,,2026-05-28,NaverFinance
한화시스템(유가),한화시스템,272210,,109600.0,,2026-05-28,NaverFinance
한화플러스스팩5호,한화플러스스팩5호,498390,,2055.0,,2026-05-28,NaverFinance
현대사료,현대사료,016790,,994.0,,2026-05-28,NaverFinance
현대오토에버(유가),현대오토에버,307950,,765000.0,,2026-05-28,NaverFinance
현대힘스,현대힘스,460930,,16870.0,,2026-05-28,NaverFinance
휴네시온,휴네시온,290270,,3490.0,,2026-05-28,NaverFinance
팸텍,팸텍,271830,,1230.0,,2026-05-22,NaverFinance
NH스팩30호,nh스팩30호,466910,,5640.0,,2026-05-16,NaverFinance
시선AI,시선ai,340810,,2890.0,,2026-05-16,NaverFinance
에이치엠씨제6호스팩,에이치엠씨스팩6호,462020,,2115.0,,2026-05-16,NaverFinance
지슨,지슨,446840,,1284.0,,2026-05-16,NaverFinance
큐라켐,큐라켐,456190,,7000.0,,2026-05-16,NaverFinance
창대정밀,창대정밀,368030,,8580.0,,2026-05-13,NaverFinance
신한스팩11호,신한스팩11호,452980,,2110.0,,2026-05-06,NaverFinance
미트박스글로벌,미트박스글로벌,475460,,8350.0,,2026-04-30,NaverFinance
에스퓨얼셀,에스퓨얼셀,288620,,10790.0,,2026-04-29,NaverFinance
네오펙트,네오펙트,290660,,1123.0,,2026-04-28,NaverFinance
슈어소프트테크,슈어소프트테크,298830,,7520.0,,2026-04-25,NaverFinance
에스씨엠생명과학,에스씨엠생명과학,298060,,927.0,,2026-04-23,NaverFinance
캐리소프트,캐리소프트,317530,,4140.0,,2026-04-23,NaverFinance
SK오션플랜트,sk오션플랜트,100090,,23100.0,,2026-04-18,NaverFinance
상상인스팩4호,상상인스팩4호,452670,,2100.0,,2026-04-18,NaverFinance
셀바이오휴먼텍,셀바이오휴먼텍,318160,,7500.0,,2026-04-18,NaverFinance
엠투아이,엠투아이,347890,,5460.0,,2026-04-18,NaverFinance
대신밸런스스팩16호,대신밸런스스팩16호,457630,,2095.0,,2026-04-15,NaverFinance
티웨이항공(유가),티웨이항공,091810,,949.0,,2026-04-15,NaverFinance
한화플러스스팩4호,한화플러스스팩4호,455310,,2100.0,,2026-04-15,NaverFinance
메쥬,메쥬,000088,,24400.0,-8.27,2026-03-26,38
카나프테라퓨틱스,카나프테라퓨틱스,000082,,27550.0,-3.33,2026-03-16,38
액스비스,액스비스,000011,,21900.0,3.55,2026-03-09,38
덕양에너젠,덕양에너젠,000001,,13050.0,-6.25,2026-01-30,38
삼진식품,삼진식품,000013,,6120.0,-3.92,2025-12-22,38
아크릴,아크릴,000007,,29800.0,-3.56,2025-12-16,38
에임드바이오,에임드바이오,000009,,38500.0,-3.87,2025-12-04,38
그린광학,그린광학,000015,,25400.0,-5.05,2025-11-17,38
제이피아이헬스케어(구.정원정밀공업),제이피아이헬스케어,000010,,9380.0,-3.79,2025-08-21,38
에스엔시스,에스엔시스,000008,,31550.0,-6.93,2025-08-19,38
대신밸류리츠(유가),대신밸류리츠,000030,,4240.0,0.36,2025-07-10,38
