ipo_id,name,name_key,market,symbol,sector,stage,underwriters,subscription_start,subscription_end,listing_date,price_band_low,price_band_high,offer_price,retail_competition_ratio_live,institutional_competition_ratio,allocation_ratio_retail,allocation_ratio_proportional,lockup_commitment_ratio,employee_subscription_ratio,employee_forfeit_ratio,circulating_shares_on_listing,circulating_shares_ratio_on_listing,existing_shareholder_ratio,total_offer_shares,new_shares,selling_shares,secondary_sale_ratio,post_listing_total_shares,current_price,day_change_pct,ma20,ma60,rsi14,forecast_date,ir_url,ir_title,ir_date,ir_pdf_url,ir_source_page,dart_receipt_no,dart_viewer_url,dart_report_nm,dart_filing_date,kind_url,notes,unusual_move_flag,volume_spike_ratio,unlock_date_15d,unlock_date_1m,unlock_date_3m,unlock_date_6m,unlock_date_1y,source,source_detail,last_refresh_ts
38_케이엠에프,케이엠에프,케이엠에프,코스닥,0103V0,기타 식품 제조업,청약예정,IBK투자증권,2026-11-24,2026-11-25,,15000.0,17800.0,,,,,,0.0,,,,,,2000000.0,2000000.0,0.0,0.0,,,,,,,2026-11-16,,,,,,,,,,,,,,,,,,,38,38-detail:https://www.38.co.kr/html/fund/?o=v&no=2340&l=&page=1,2026-10-10
38_하나에어로다이내믹스,하나에어로다이내믹스,하나에어로다이내믹스,코스닥,271160,항공기용 부품 제조업,청약예정,IBK투자증권,2026-11-10,2026-11-11,,4700.0,5700.0,,,,,,0.0,,,,,,4400000.0,4400000.0,0.0,0.0,,,,,,,2026-11-02,,,,,,,,,,,,,,,,,,,38,38-detail:https://www.38.co.kr/html/fund/?o=v&no=2334&l=&page=1,2026-10-10
38_옵토닉스,옵토닉스,옵토닉스,코스닥,493260,광학렌즈 및 광학요소 제조업,청약예정,한국투자증권,2026-11-05,2026-11-06,,10000.0,12000.0,,,,,,0.0,,,,,,2200000.0,2200000.0,0.0,0.0,,,,,,,2026-10-21,,,,,,,,,,,,,,,,,,,38,38-detail:https://www.38.co.kr/html/fund/?o=v&no=2338&l=&page=1,2026-10-10
38_제논,제논,제논,코스닥,0158J0,"컴퓨터시스템 통합 자문, 구축 및 관리업",청약예정,삼성증권,2026-11-04,2026-11-05,,9700.0,12200.0,,,,,,0.0,,,,,,2200000.0,2200000.0,0.0,0.0,,,,,,,2026-10-26,,,,,,,,,,,,,,,,,,,38,38-detail:https://www.38.co.kr/html/fund/?o=v&no=2341&l=&page=1,2026-10-10
38_넥스아이,넥스아이,넥스아이,코스닥,493410,의학 및 약학 연구개발업,청약예정,한국투자증권,2026-11-03,2026-11-04,,10500.0,13000.0,,,,,,0.0,,,,,,5000000.0,5000000.0,0.0,0.0,,,,,,,2026-10-22,,,,,,,,,,,,,,,,,,,38,38-detail:https://www.38.co.kr/html/fund/?o=v&no=2336&l=&page=1,2026-10-10
38_바로팜,바로팜,바로팜,코스닥,952366,전자상거래 소매 중개업,청약예정,미래에셋증권,2026-11-02,2026-11-03,,16400.0,20200.0,,,,,,0.0,,,,,,1780000.0,1780000.0,0.0,0.0,,,,,,,2026-10-22,,,,,,,,,,,,,,,,,,,38,38-detail:https://www.38.co.kr/html/fund/?o=v&no=2325&l=&page=1,2026-10-10
38_동원파츠,동원파츠,동원파츠,코스닥,0162D0,반도체 제조용 기계 제조업,청약예정,삼성증권,2026-11-02,2026-11-03,,23000.0,26500.0,,,,,,0.0,,,,,,2030000.0,2030000.0,0.0,0.0,,,,,,,2026-10-22,,,,,,,,,,,,,,,,,,,38,38-detail:https://www.38.co.kr/html/fund/?o=v&no=2339&l=&page=1,2026-10-10
38_엠비디,엠비디,엠비디,코스닥,498150,"물질 검사, 측정 및 분석기구 제조업",청약예정,하나증권,2026-10-28,2026-10-29,,9600.0,11700.0,,,,,,0.0,,,,,,2000000.0,2000000.0,0.0,0.0,,,,,,,2026-10-16,,,,,,,,,,,,,,,,,,,38,38-detail:https://www.38.co.kr/html/fund/?o=v&no=2321&l=&page=1,2026-10-10
38_아이엠스팩1호,아이엠스팩1호,아이엠스팩1호,코스닥,0222E0,그 외 기타 금융 지원 서비스업,청약예정,아이엠증권,2026-10-26,2026-10-27,,2000.0,2000.0,,,,,,0.0,,,,,,5000000.0,5000000.0,0.0,0.0,,,,,,,2026-10-19,,,,,,,,,,,,,,,,,,,38,38-detail:https://www.38.co.kr/html/fund/?o=v&no=2329&l=&page=1,2026-10-10
38_에이엘로봇,에이엘로봇,에이엘로봇,코스닥,471800,기타 기계 및 장비 제조업,청약예정,대신증권,2026-10-26,2026-10-27,,15700.0,17600.0,,,,,,0.0,,,,,,2400000.0,2400000.0,0.0,0.0,,,,,,,2026-10-15,,,,,,,,,,,,,,,,,,,38,38-detail:https://www.38.co.kr/html/fund/?o=v&no=2331&l=&page=1,2026-10-10
38_래블업,래블업,래블업,코스닥,0147B0,시스템 소프트웨어 개발 및 공급업,청약예정,NH투자증권,2026-10-22,2026-10-23,,19000.0,22000.0,,,,,,0.0,,,,,,2180000.0,2180000.0,0.0,0.0,,,,,,,2026-10-13,,,,,,,,,,,,,,,,,,,38,38-detail:https://www.38.co.kr/html/fund/?o=v&no=2335&l=&page=1,2026-10-10
38_이에스티,이에스티,이에스티,코스닥,495910,그 외 기타 전자부품 제조업,청약예정,대신증권,2026-10-22,2026-10-23,,10600.0,12400.0,,,,,,0.0,,,,,,2200000.0,2200000.0,0.0,0.0,,,,,,,2026-10-14,,,,,,,,,,,,,,,,,,,38,38-detail:https://www.38.co.kr/html/fund/?o=v&no=2332&l=&page=1,2026-10-10
38_영광,영광(구.영광공작소),영광,코스닥,359410,선박 구성부분품 제조업,청약예정,한국투자증권,2026-10-22,2026-10-23,,14000.0,17000.0,,,,,,0.0,,,,,,2260000.0,2260000.0,0.0,0.0,,,,,,,2026-10-13,,,,,,,,,,,,,,,,,,,38,38-detail:https://www.38.co.kr/html/fund/?o=v&no=2333&l=&page=1,2026-10-10
38_인텔리빅스,인텔리빅스,인텔리빅스,코스닥,420610,방송장비 제조업,청약예정,미래에셋증권,2026-10-21,2026-10-22,,7600.0,9000.0,,,,,,0.0,,,,,,2500000.0,2500000.0,0.0,0.0,,,,,,,2026-10-12,,,,,,,,,,,,,,,,,,,38,38-detail:https://www.38.co.kr/html/fund/?o=v&no=2328&l=&page=1,2026-10-10
38_티앤이코리아,티앤이코리아,티앤이코리아,코스닥,0053F0,산업용 송풍기 및 배기장치 제조업,청약예정,신한투자증권,2026-10-20,2026-10-21,,12600.0,15300.0,,,,,,0.0,,,,,,2400000.0,2400000.0,0.0,0.0,,,,,,,2026-10-07,,,,,,,,,,,,,,,,,,,38,38-detail:https://www.38.co.kr/html/fund/?o=v&no=2322&l=&page=1,2026-10-10
38_크리에이츠,크리에이츠,크리에이츠,코스닥,439270,그 외 기타 달리 분류되지 않은 제품 제조업,청약예정,삼성증권,2026-10-20,2026-10-21,,15000.0,18000.0,,,,,,0.0,,,,,,1400000.0,1400000.0,0.0,0.0,,,,,,,2026-10-12,,,,,,,,,,,,,,,,,,,38,38-detail:https://www.38.co.kr/html/fund/?o=v&no=2323&l=&page=1,2026-10-10
38_한화플러스스팩6호,한화플러스스팩6호,한화플러스스팩6호,코스닥,0127E0,그 외 기타 금융 지원 서비스업,청약예정,한화투자증권,2026-10-20,2026-10-21,,2000.0,2000.0,,,,,,0.0,,,,,,6000000.0,6000000.0,0.0,0.0,,,,,,,2026-10-14,,,,,,,,,,,,,,,,,,,38,38-detail:https://www.38.co.kr/html/fund/?o=v&no=2330&l=&page=1,2026-10-10
38_sk증권스팩14호,SK증권스팩14호,sk증권스팩14호,코스닥,0205H0,그 외 기타 금융업,청약예정,SK증권,2026-10-15,2026-10-16,,2000.0,2000.0,,,,,,0.0,,,,,,6500000.0,6500000.0,0.0,0.0,,,,,,,2026-10-12,,,,,,,,,,,,,,,,,,,38,38-detail:https://www.38.co.kr/html/fund/?o=v&no=2319&l=&page=1,2026-10-10
38_디티에스,디티에스(구.동양티에스),디티에스,코스닥,0015M0,"증류기,열교환기 및 가스발생기 제조업",청약예정,"대신증권,유진증권",2026-10-13,2026-10-14,,17000.0,18500.0,,,,,,0.0,,,,,,2228917.0,2228917.0,0.0,0.0,,,,,,,2026-10-01,,,,,,,,,,,,,,,,,,,38,38-detail:https://www.38.co.kr/html/fund/?o=v&no=2326&l=&page=1,2026-10-10
38_엠에스바이오,엠에스바이오,엠에스바이오,코스닥,0013Y0,그 외 기타 의료용 기기 제조업,청약예정,KB증권,2026-10-12,2026-10-13,2026-10-22,6800.0,7800.0,7800.0,,1096.56,,,30.62,,,,,,4000000.0,4000000.0,0.0,0.0,,,,,,,2026-09-28,,,,,,,,,,,,,,,,,,,38,38-detail:https://www.38.co.kr/html/fund/?o=v&no=2324&l=&page=1,2026-10-10
38_엘리스그룹,엘리스그룹,엘리스그룹,코스닥,0158S0,응용 소프트웨어 개발 및 공급업,상장예정,"미래에셋증권,삼성증권",2026-10-07,2026-10-08,2026-10-20,70400.0,90500.0,90500.0,,388.84,,,13.7,,,,,,2222000.0,2222000.0,0.0,0.0,,,,,,,2026-09-23,,,,,,,,,,,,,,,,,,,38,38-detail:https://www.38.co.kr/html/fund/?o=v&no=2316&l=&page=1,2026-10-10
38_진코스텍,진코스텍,진코스텍,코스닥,250030,기타 화학제품 제조업,상장예정,하나증권,2026-10-02,2026-10-06,2026-10-15,19500.0,23500.0,23500.0,685.0,1097.62,,,5.29,,,,,,852000.0,852000.0,0.0,0.0,,,,,,,2026-09-16,,,,,,,,,,,,,,,,,,,38,38-detail:https://www.38.co.kr/html/fund/?o=v&no=2320&l=&page=1,2026-10-10
38_멜콘,멜콘(구.에스앤에프솔루션),멜콘,코스닥,179880,반도체 제조용 기계 제조업,상장예정,대신증권,2026-10-01,2026-10-02,2026-10-15,10700.0,12300.0,12300.0,1741.48,1136.84,,,36.07,,,,,,2500000.0,2500000.0,0.0,0.0,,,,,,,2026-09-16,,,,,,,,,,,,,,,,,,,38,38-detail:https://www.38.co.kr/html/fund/?o=v&no=2315&l=&page=1,2026-10-10
38_브릴스,브릴스,브릴스,코스닥,468670,그 외 기타 특수목적용 기계 제조업,상장후,IBK투자증권,2026-09-17,2026-09-18,2026-10-01,16500.0,19500.0,19500.0,1676.26,1187.74,,,21.75,,,,,,1200000.0,1200000.0,0.0,0.0,,23350.0,,,,,2026-09-09,,,,,,,,,,,,,,,,,,,38,38-detail:https://www.38.co.kr/html/fund/?o=v&no=2307&l=&page=1,2026-10-10
38_덕산넵코어스,덕산넵코어스(구.넵코어스),덕산넵코어스,코스닥,266690,기타 무선 통신장비 제조업,상장후,대신증권,2026-09-16,2026-09-17,2026-09-30,12400.0,14600.0,14600.0,332.82,868.64,,,4.05,,,,,,3000000.0,3000000.0,0.0,0.0,,13910.0,,,,,2026-09-08,,,,,,,,,,,,,,,,,,,38,38-detail:https://www.38.co.kr/html/fund/?o=v&no=2309&l=&page=1,2026-10-10
38_글로벌테크놀로지,글로벌테크놀로지,글로벌테크놀로지,코스닥,486510,전기용 기계ㆍ장비 및 관련 기자재 도매업,상장후,한국투자증권,2026-09-16,2026-09-17,2026-09-29,13000.0,15000.0,10000.0,57.15,123.19,,,0.27,,,,,,4000000.0,4000000.0,0.0,0.0,,11340.0,,,,,2026-09-07,,,,,,,,,,,,,,,,,,,38,38-detail:https://www.38.co.kr/html/fund/?o=v&no=2310&l=&page=1,2026-10-10
38_빅웨이브로보틱스,빅웨이브로보틱스,빅웨이브로보틱스,코스닥,0035S0,포털 및 기타 인터넷 정보매개 서비스업,상장후,"유진투자증권,미래에셋증권",2026-09-15,2026-09-16,2026-09-29,15000.0,18000.0,18000.0,1375.34,1109.37,,,18.14,,,,,,1600000.0,1520000.0,80000.0,5.0,,23900.0,,,,,2026-09-07,,,,,,,,,,,,,,,,,,,38,38-detail:https://www.38.co.kr/html/fund/?o=v&no=2294&l=&page=1,2026-10-10
38_와이즈플래닛컴퍼니,와이즈플래닛컴퍼니,와이즈플래닛컴퍼니,코스닥,0010S0,"광고물 문안, 도안, 설계 등 작성업",상장후,대신증권,2026-09-14,2026-09-15,2026-09-23,10000.0,12000.0,12000.0,1477.65,1248.47,,,3.65,,,,,,1600000.0,1600000.0,0.0,0.0,,12850.0,,,,,2026-09-04,,,,,,,,,,,,,,,,,,,38,38-detail:https://www.38.co.kr/html/fund/?o=v&no=2311&l=&page=1,2026-10-10
38_네오사피엔스,네오사피엔스,네오사피엔스,코스닥,0161M0,소프트웨어 개발 및 공급업,상장후,대신증권,2026-09-10,2026-09-11,2026-09-21,13800.0,15800.0,10000.0,1047.78,219.56,,,8.98,,,,,,2000000.0,2000000.0,0.0,0.0,,12000.0,,,,,2026-09-02,,,,,,,,,,,,,,,,,,,38,38-detail:https://www.38.co.kr/html/fund/?o=v&no=2308&l=&page=1,2026-10-10
38_kb스팩34호,KB스팩34호,kb스팩34호,코스닥,0209J0,금융 지원 서비스업,상장후,KB증권,2026-09-10,2026-09-11,2026-09-22,2000.0,2000.0,2000.0,397.33,1232.51,,,0.0,,,,,,7000000.0,7000000.0,0.0,0.0,,1905.0,,,,,2026-09-04,,,,,,,,,,,,,,,,,,,38,38-detail:https://www.38.co.kr/html/fund/?o=v&no=2313&l=&page=1,2026-10-10
