name_key,release_date,market,name,release_shares,remaining_locked_shares,source,source_detail,last_refresh_ts
액스비스,2026-09-09,코스닥,액스비스,243767.0,0.0,Seibro,https://m.seibro.or.kr/cnts/company/selectRelease.do,2026-10-09
케이알모터스,2026-09-09,유가증권,케이알모터스,5248463.0,0.0,Seibro,https://m.seibro.or.kr/cnts/company/selectRelease.do,2026-10-09
비트플래닛,2026-09-10,코스닥,비트플래닛,2294770.0,0.0,Seibro,https://m.seibro.or.kr/cnts/company/selectRelease.do,2026-10-09
딜리셔스,2026-09-14,코스닥,딜리셔스,2289279.0,0.0,Seibro,https://m.seibro.or.kr/cnts/company/selectRelease.do,2026-10-09
레메디,2026-09-14,코스닥,레메디,13244.0,0.0,Seibro,https://m.seibro.or.kr/cnts/company/selectRelease.do,2026-10-09
오상헬스케어,2026-09-14,코스닥,오상헬스케어,8485603.0,0.0,Seibro,https://m.seibro.or.kr/cnts/company/selectRelease.do,2026-10-09
올릭스,2026-09-14,비상장,올릭스,321825.0,0.0,Seibro,https://m.seibro.or.kr/cnts/company/selectRelease.do,2026-10-09
케이앤에스아이앤씨,2026-09-14,코스닥,케이앤에스아이앤씨,1007002.0,0.0,Seibro,https://m.seibro.or.kr/cnts/company/selectRelease.do,2026-10-09
비투엔,2026-09-15,코스닥,비투엔,5640423.0,0.0,Seibro,https://m.seibro.or.kr/cnts/company/selectRelease.do,2026-10-09
올릭스,2026-09-15,코스닥,올릭스,1662789.0,0.0,Seibro,https://m.seibro.or.kr/cnts/company/selectRelease.do,2026-10-09
트리니티항공,2026-09-15,유가증권,트리니티항공,11357770.0,0.0,Seibro,https://m.seibro.or.kr/cnts/company/selectRelease.do,2026-10-09
와이즈플래닛컴퍼니,2026-09-16,코스닥,와이즈플래닛컴퍼니,260000.0,6141600.0,Seibro,https://m.seibro.or.kr/cnts/company/selectRelease.do,2026-10-09
티에스트릴리온,2026-09-16,코스닥,티에스트릴리온,961538.0,0.0,Seibro,https://m.seibro.or.kr/cnts/company/selectRelease.do,2026-10-09
경남기업,2026-09-17,K-OTC,경남기업,19.0,0.0,Seibro,https://m.seibro.or.kr/cnts/company/selectRelease.do,2026-10-09
더라미,2026-09-17,코스닥,더라미,3.0,0.0,Seibro,https://m.seibro.or.kr/cnts/company/selectRelease.do,2026-10-09
빛과전자,2026-09-17,코스닥,빛과전자,6139723.0,0.0,Seibro,https://m.seibro.or.kr/cnts/company/selectRelease.do,2026-10-09
에이치디현대마린엔진,2026-09-17,유가증권,에이치디현대마린엔진,884.0,0.0,Seibro,https://m.seibro.or.kr/cnts/company/selectRelease.do,2026-10-09
모헤닉플래닛,2026-09-18,비상장,모헤닉플래닛,2400.0,0.0,Seibro,https://m.seibro.or.kr/cnts/company/selectRelease.do,2026-10-09
빅웨이브로보틱스,2026-09-18,코스닥,빅웨이브로보틱스,80000.0,4792405.0,Seibro,https://m.seibro.or.kr/cnts/company/selectRelease.do,2026-10-09
스타코링크,2026-09-18,비상장,스타코링크,2589642.0,0.0,Seibro,https://m.seibro.or.kr/cnts/company/selectRelease.do,2026-10-09
에이치디현대마린엔진,2026-09-18,유가증권,에이치디현대마린엔진,3.0,0.0,Seibro,https://m.seibro.or.kr/cnts/company/selectRelease.do,2026-10-09
인제니아테라퓨틱스kdr,2026-09-18,코스닥,인제니아테라퓨틱스 KDR,16218189.0,0.0,Seibro,https://m.seibro.or.kr/cnts/company/selectRelease.do,2026-10-09
대성하이텍,2026-09-21,비상장,대성하이텍,1354707.0,0.0,Seibro,https://m.seibro.or.kr/cnts/company/selectRelease.do,2026-10-09
아이엠바이오로직스,2026-09-21,코스닥,아이엠바이오로직스,1317497.0,0.0,Seibro,https://m.seibro.or.kr/cnts/company/selectRelease.do,2026-10-09
에스투더블유,2026-09-21,코스닥,에스투더블유,379490.0,0.0,Seibro,https://m.seibro.or.kr/cnts/company/selectRelease.do,2026-10-09
태영건설,2026-09-21,유가증권,태영건설,3093857.0,0.0,Seibro,https://m.seibro.or.kr/cnts/company/selectRelease.do,2026-10-09
티엑스알로보틱스,2026-09-21,코스닥,티엑스알로보틱스,1080845.0,0.0,Seibro,https://m.seibro.or.kr/cnts/company/selectRelease.do,2026-10-09
휴림에이텍,2026-09-21,코스닥,휴림에이텍,2157978.0,0.0,Seibro,https://m.seibro.or.kr/cnts/company/selectRelease.do,2026-10-09
뉴라클사이언스,2026-09-23,비상장,뉴라클사이언스,277133.0,0.0,Seibro,https://m.seibro.or.kr/cnts/company/selectRelease.do,2026-10-09
아이언디바이스,2026-09-23,코스닥,아이언디바이스,2500000.0,0.0,Seibro,https://m.seibro.or.kr/cnts/company/selectRelease.do,2026-10-09
파라택시스코리아,2026-09-23,코스닥,파라택시스코리아,4784688.0,0.0,Seibro,https://m.seibro.or.kr/cnts/company/selectRelease.do,2026-10-09
니어스랩,2026-09-28,코스닥,니어스랩,569622.0,0.0,Seibro,https://m.seibro.or.kr/cnts/company/selectRelease.do,2026-10-09
라이노스,2026-09-28,비상장,라이노스,1250.0,0.0,Seibro,https://m.seibro.or.kr/cnts/company/selectRelease.do,2026-10-09
비트플래닛,2026-09-28,코스닥,비트플래닛,11772449.0,0.0,Seibro,https://m.seibro.or.kr/cnts/company/selectRelease.do,2026-10-09
알파ai,2026-09-28,코스닥,알파AI,3003004.0,0.0,Seibro,https://m.seibro.or.kr/cnts/company/selectRelease.do,2026-10-09
제이투케이바이오,2026-09-28,코스닥,제이투케이바이오,3301500.0,0.0,Seibro,https://m.seibro.or.kr/cnts/company/selectRelease.do,2026-10-09
코오롱티슈진,2026-09-28,코스닥,코오롱티슈진,7100.0,0.0,Seibro,https://m.seibro.or.kr/cnts/company/selectRelease.do,2026-10-09
폴라리스에이아이핸디,2026-09-28,코스닥,폴라리스에이아이핸디,4522842.0,0.0,Seibro,https://m.seibro.or.kr/cnts/company/selectRelease.do,2026-10-09
한패스,2026-09-28,코스닥,한패스,551217.0,0.0,Seibro,https://m.seibro.or.kr/cnts/company/selectRelease.do,2026-10-09
해치텍,2026-09-28,코스닥,해치텍,547017.0,0.0,Seibro,https://m.seibro.or.kr/cnts/company/selectRelease.do,2026-10-09
세미파이브,2026-09-29,코스닥,세미파이브,2739039.0,0.0,Seibro,https://m.seibro.or.kr/cnts/company/selectRelease.do,2026-10-09
져스텍,2026-09-29,코스닥,져스텍,48000.0,0.0,Seibro,https://m.seibro.or.kr/cnts/company/selectRelease.do,2026-10-09
휴림에이텍,2026-09-29,코스닥,휴림에이텍,999999.0,0.0,Seibro,https://m.seibro.or.kr/cnts/company/selectRelease.do,2026-10-09
국일신동,2026-09-30,코스닥,국일신동,12800.0,0.0,Seibro,https://m.seibro.or.kr/cnts/company/selectRelease.do,2026-10-09
스트라드비젼,2026-09-30,코스닥,스트라드비젼,83333.0,0.0,Seibro,https://m.seibro.or.kr/cnts/company/selectRelease.do,2026-10-09
영진약품,2026-09-30,유가증권,영진약품,14872.0,0.0,Seibro,https://m.seibro.or.kr/cnts/company/selectRelease.do,2026-10-09
호텔롯데,2026-09-30,비상장,호텔롯데,739704.0,0.0,Seibro,https://m.seibro.or.kr/cnts/company/selectRelease.do,2026-10-09
리센스메디컬,2026-10-01,코스닥,리센스메디컬,78629.0,0.0,Seibro,https://m.seibro.or.kr/cnts/company/selectRelease.do,2026-10-09
매드업,2026-10-01,코스닥,매드업,1898200.0,0.0,Seibro,https://m.seibro.or.kr/cnts/company/selectRelease.do,2026-10-09
디알텍,2026-10-02,코스닥,디알텍,475059.0,0.0,Seibro,https://m.seibro.or.kr/cnts/company/selectRelease.do,2026-10-09
유한코스메틱,2026-10-02,비상장,주식회사 유한코스메틱,2272728.0,0.0,Seibro,https://m.seibro.or.kr/cnts/company/selectRelease.do,2026-10-09
중앙첨단소재,2026-10-02,코스닥,중앙첨단소재,484941.0,0.0,Seibro,https://m.seibro.or.kr/cnts/company/selectRelease.do,2026-10-09
한중엔시에스,2026-10-02,비상장,한중엔시에스,446054.0,0.0,Seibro,https://m.seibro.or.kr/cnts/company/selectRelease.do,2026-10-09
노브랜드,2026-10-06,코스닥,노브랜드,39000.0,0.0,Seibro,https://m.seibro.or.kr/cnts/company/selectRelease.do,2026-10-09
레몬헬스케어,2026-10-06,코스닥,레몬헬스케어,2347012.0,0.0,Seibro,https://m.seibro.or.kr/cnts/company/selectRelease.do,2026-10-09
보원케미칼,2026-10-06,코스닥,보원케미칼,72777.0,0.0,Seibro,https://m.seibro.or.kr/cnts/company/selectRelease.do,2026-10-09
스카이랩스,2026-10-06,코스닥,스카이랩스,4347203.0,0.0,Seibro,https://m.seibro.or.kr/cnts/company/selectRelease.do,2026-10-09
에이유브랜즈,2026-10-06,코스닥,에이유브랜즈,4000000.0,0.0,Seibro,https://m.seibro.or.kr/cnts/company/selectRelease.do,2026-10-09
엘리온메디,2026-10-06,비상장,엘리온메디,500.0,0.0,Seibro,https://m.seibro.or.kr/cnts/company/selectRelease.do,2026-10-09
