strategy_name,term,entry_mode,symbol,name,listing_date,unlock_date,entry_dt,entry_price,exit_dt,exit_price,hold_days_after_entry,ipo_price,ipo_price_source,prev_close_vs_ipo,prev_close_date,entry_price_vs_ipo,gross_ret,net_ret
15D_close_midhold,15D,close,354320,알멕,2023-06-30,2023-07-15,2023-07-17,112000.0,2023-07-24,99800.0,5,50000.0,kind,2.434,2023-07-14,2.24,-0.10892857142857137,-0.11097772834074893
15D_close_midhold,15D,close,440320,오픈놀,2023-06-30,2023-07-15,2023-07-17,11720.0,2023-07-24,8930.0,5,10000.0,kind,1.315,2023-07-14,1.172,-0.23805460750853247,-0.23980681907952728
15D_close_midhold,15D,close,274400,이노시뮬레이션,2023-07-06,2023-07-21,2023-07-21,18080.0,2023-07-28,15700.0,5,15000.0,kind,1.2613333333333334,2023-07-20,1.2053333333333334,-0.13163716814159288,-0.13363410311462143
15D_close_midhold,15D,close,440110,파두,2023-08-07,2023-08-22,2023-08-22,39300.0,2023-08-29,39000.0,5,31000.0,kind,1.3516129032258064,2023-08-21,1.267741935483871,-0.007633587786259555,-0.009915688219286234
15D_close_midhold,15D,close,448710,코츠테크놀로지,2023-08-10,2023-08-25,2023-08-25,18350.0,2023-09-01,18300.0,5,13000.0,kind,1.4423076923076923,2023-08-24,1.4115384615384616,-0.0027247956403270157,-0.0050181846020102006
15D_close_midhold,15D,close,445680,큐리옥스바이오시스템즈,2023-08-10,2023-08-25,2023-08-25,19455.0,2023-09-01,30458.0,5,13000.0,kind,1.3946153846153846,2023-08-24,1.4965384615384616,0.5655615523001798,0.5619613007676192
15D_close_midhold,15D,close,424960,스마트레이더시스템,2023-08-22,2023-09-06,2023-09-06,26000.0,2023-09-13,22200.0,5,8000.0,kind,3.2,2023-09-05,3.25,-0.1461538461538462,-0.14811739777494914
15D_close_midhold,15D,close,418250,시큐레터,2023-08-24,2023-09-08,2023-09-08,28550.0,2023-09-15,29550.0,5,12000.0,kind,2.5708333333333333,2023-09-07,2.379166666666667,0.035026269702276736,0.03264606631246991
15D_close_midhold,15D,close,454910,두산로보틱스,2023-10-05,2023-10-20,2023-10-20,35500.0,2023-10-27,32300.0,5,26000.0,kind,1.4711538461538463,2023-10-19,1.3653846153846154,-0.09014084507042253,-0.09223320727243034
15D_close_midhold,15D,close,451220,아이엠티,2023-10-10,2023-10-25,2023-10-25,23650.0,2023-11-01,20000.0,5,14000.0,kind,1.8142857142857143,2023-10-24,1.6892857142857143,-0.15433403805496826,-0.15627877805644164
15D_close_midhold,15D,close,396470,워트,2023-10-26,2023-11-10,2023-11-10,10470.0,2023-11-17,9500.0,5,6500.0,kind,1.66,2023-11-09,1.6107692307692307,-0.09264565425023874,-0.09473225625516257
15D_close_midhold,15D,close,221800,유투바이오,2023-11-02,2023-11-17,2023-11-17,5230.0,2023-11-24,5910.0,5,4400.0,kind,1.2545454545454546,2023-11-16,1.1886363636363637,0.13001912045889097,0.12742046627996229
15D_close_midhold,15D,close,372320,큐로셀,2023-11-09,2023-11-24,2023-11-24,31350.0,2023-12-01,26000.0,5,20000.0,kind,1.5875,2023-11-23,1.5675,-0.17065390749601272,-0.1725611174272822
15D_close_midhold,15D,close,365330,에스와이스틸텍,2023-11-13,2023-11-28,2023-11-28,2949.0,2023-12-05,2343.0,5,1800.0,kind,1.8077777777777777,2023-11-27,1.6383333333333334,-0.20549338758901325,-0.20732047873388681
15D_close_midhold,15D,close,445090,에이직랜드,2023-11-13,2023-11-28,2023-11-28,56000.0,2023-12-05,41800.0,5,25000.0,kind,2.176,2023-11-27,2.24,-0.25357142857142856,-0.2552879568064792
15D_close_midhold,15D,close,452300,캡스톤파트너스,2023-11-15,2023-11-30,2023-11-30,5310.0,2023-12-07,5060.0,5,4000.0,kind,1.3375,2023-11-29,1.3275,-0.04708097928436916,-0.04927236432425908
15D_close_midhold,15D,close,450080,에코프로머티,2023-11-17,2023-12-02,2023-12-04,137500.0,2023-12-11,140200.0,5,36200.0,kind,3.7679558011049723,2023-12-01,3.798342541436464,0.019636363636363674,0.017291551721787313
15D_close_midhold,15D,close,452280,한선엔지니어링,2023-11-24,2023-12-09,2023-12-11,10600.0,2023-12-18,9260.0,5,7000.0,kind,1.542857142857143,2023-12-08,1.5142857142857142,-0.1264150943396226,-0.1284240382810503
15D_close_midhold,15D,close,453860,에이에스텍,2023-11-28,2023-12-13,2023-12-13,35350.0,2023-12-20,38650.0,5,28000.0,kind,1.3482142857142858,2023-12-12,1.2625,0.09335219236209324,0.09083785946959444
15D_close_midhold,15D,close,338840,와이바이오로직스,2023-12-05,2023-12-20,2023-12-20,13540.0,2023-12-28,15600.0,5,9000.0,kind,1.451111111111111,2023-12-19,1.5044444444444445,0.1521418020679468,0.14949227335249793
15D_close_midhold,15D,close,432470,케이엔에스,2023-12-06,2023-12-21,2023-12-21,39300.0,2024-01-02,30500.0,5,23000.0,kind,1.708695652173913,2023-12-20,1.708695652173913,-0.22391857506361323,-0.22570329463303163
15D_close_midhold,15D,close,417200,LS머트리얼즈,2023-12-12,2023-12-27,2023-12-27,42850.0,2024-01-05,49700.0,5,6000.0,kind,7.05,2023-12-26,7.141666666666667,0.15985997666277707,0.15719269880813092
15D_close_midhold,15D,close,457550,우진엔텍,2024-01-24,2024-02-08,2024-02-08,31750.0,2024-02-19,26900.0,5,5300.0,kind,6.584905660377358,2024-02-07,5.990566037735849,-0.15275590551181106,-0.1547042746737597
15D_close_midhold,15D,close,460930,현대힘스,2024-01-26,2024-02-10,2024-02-13,19990.0,2024-02-20,18360.0,5,7300.0,kind,2.73972602739726,2024-02-08,2.7383561643835614,-0.08154077038519258,-0.08365290979239559
15D_close_midhold,15D,close,452400,이닉스,2024-02-01,2024-02-16,2024-02-16,29050.0,2024-02-23,22000.0,5,14000.0,kind,2.2285714285714286,2024-02-15,2.075,-0.2426850258175559,-0.24442658902369463
15D_close_midhold,15D,close,068100,케이웨더,2024-02-22,2024-03-08,2024-03-08,9900.0,2024-03-15,9030.0,5,7000.0,kind,1.5,2024-03-07,1.4142857142857144,-0.08787878787878789,-0.0899763520320438
15D_close_midhold,15D,close,360350,코셈,2024-02-23,2024-03-09,2024-03-11,29200.0,2024-03-18,26300.0,5,16000.0,kind,1.975,2024-03-08,1.825,-0.09931506849315064,-0.1013863331459185
15D_close_midhold,15D,close,199430,케이엔알시스템,2024-03-07,2024-03-22,2024-03-22,24600.0,2024-03-29,26000.0,5,13500.0,kind,1.8666666666666667,2024-03-21,1.8222222222222222,0.05691056910569103,0.05448003937620749
15D_close_midhold,15D,close,455900,엔젤로보틱스,2024-03-26,2024-04-10,2024-04-11,50600.0,2024-04-18,51500.0,5,20000.0,kind,2.56,2024-04-09,2.53,0.01778656126482203,0.015446003257614027
15D_close_midhold,15D,close,461030,아이엠비디엑스,2024-04-03,2024-04-18,2024-04-18,19950.0,2024-04-25,18900.0,5,13000.0,kind,1.623076923076923,2024-04-17,1.5346153846153847,-0.052631578947368474,-0.05481019952270316
15D_close_midhold,15D,close,443060,HD현대마린솔루션,2024-05-08,2024-05-23,2024-05-23,149700.0,2024-05-30,130400.0,5,83400.0,kind,1.919664268585132,2024-05-22,1.7949640287769784,-0.12892451569806285,-0.1309276888359867
15D_close_midhold,15D,close,453450,그리드위즈,2024-06-14,2024-06-29,2024-07-01,46850.0,2024-07-08,41300.0,5,40000.0,kind,1.245,2024-06-28,1.17125,-0.11846318036286019,-0.1204904109634356
15D_close_midhold,15D,close,107640,한중엔시에스,2024-06-24,2024-07-09,2024-07-09,45900.0,2024-07-16,40100.0,5,30000.0,kind,1.5233333333333334,2024-07-08,1.53,-0.1263616557734205,-0.12837072260511684
15D_close_midhold,15D,close,160190,하이젠알앤엠,2024-06-27,2024-07-12,2024-07-12,10800.0,2024-07-19,9940.0,5,7000.0,kind,1.5214285714285714,2024-07-11,1.542857142857143,-0.0796296296296296,-0.08174616400132573
15D_close_midhold,15D,close,062040,산일전기,2024-07-29,2024-08-13,2024-08-13,41500.0,2024-08-21,42450.0,5,35000.0,kind,1.272857142857143,2024-08-12,1.1857142857142857,0.02289156626506017,0.020539268507314024
15D_close_midhold,15D,close,464280,티디에스팜,2024-08-21,2024-09-05,2024-09-05,33050.0,2024-09-12,32800.0,5,13000.0,kind,2.8153846153846156,2024-09-04,2.542307692307692,-0.0075642965204235635,-0.009846556299459852
15D_close_midhold,15D,close,476080,M83,2024-08-22,2024-09-06,2024-09-06,22800.0,2024-09-13,23550.0,5,16000.0,kind,1.63125,2024-09-05,1.425,0.03289473684210531,0.03051943524260836
15D_close_midhold,15D,close,456070,이엔셀,2024-08-23,2024-09-07,2024-09-09,26650.0,2024-09-19,27550.0,5,15300.0,kind,1.6437908496732025,2024-09-06,1.7418300653594772,0.03377110694183871,0.03139378999341469
15D_close_midhold,15D,close,464500,아이언디바이스,2024-09-23,2024-10-08,2024-10-08,8340.0,2024-10-16,7080.0,5,7000.0,kind,1.2442857142857142,2024-10-07,1.1914285714285715,-0.15107913669064743,-0.15303136184248622
15D_close_midhold,15D,close,475560,더본코리아,2024-11-06,2024-11-21,2024-11-21,39550.0,2024-11-28,37350.0,5,34000.0,kind,1.213235294117647,2024-11-20,1.1632352941176471,-0.055625790139064435,-0.05779752506150626
15D_close_midhold,15D,close,394800,쓰리빌리언,2024-11-14,2024-11-29,2024-11-29,6310.0,2024-12-06,5070.0,5,4500.0,kind,1.3844444444444444,2024-11-28,1.4022222222222223,-0.19651347068145797,-0.1983612125376123
15D_close_midhold,15D,close,459100,위츠,2024-11-20,2024-12-05,2024-12-05,13000.0,2024-12-12,14010.0,5,6400.0,kind,1.6671875,2024-12-04,2.03125,0.07769230769230773,0.07521398713269933
15D_close_midhold,15D,close,450950,아스테라시스,2025-01-24,2025-02-08,2025-02-10,8650.0,2025-02-17,9720.0,5,4600.0,kind,1.6630434782608696,2025-02-07,1.8804347826086956,0.12369942196531802,0.12111530091295553
15D_close_midhold,15D,close,452450,피아이이,2025-02-04,2025-02-19,2025-02-19,13450.0,2025-02-26,10140.0,5,5000.0,kind,2.554,2025-02-18,2.69,-0.24609665427509297,-0.2478303719126147
15D_close_midhold,15D,close,212710,아이에스티이,2025-02-12,2025-02-27,2025-02-27,17820.0,2025-03-07,11950.0,5,11400.0,kind,1.5201754385964912,2025-02-26,1.563157894736842,-0.32940516273849607,-0.33094729954367685
15D_close_midhold,15D,close,475830,오름테라퓨틱,2025-02-14,2025-03-01,2025-03-04,31500.0,2025-03-11,28050.0,5,20000.0,kind,1.68,2025-02-28,1.575,-0.10952380952380958,-0.11157159759369428
15D_close_midhold,15D,close,463480,모티브링크,2025-02-20,2025-03-07,2025-03-07,9910.0,2025-03-14,11210.0,5,6000.0,kind,1.87,2025-03-06,1.6516666666666666,0.131180625630676,0.12857930039051135
15D_close_midhold,15D,close,479960,위너스,2025-02-24,2025-03-11,2025-03-11,19040.0,2025-03-18,18620.0,5,8500.0,kind,1.723529411764706,2025-03-10,2.24,-0.022058823529411797,-0.024307750896189195
15D_close_midhold,15D,close,489500,엘케이켐,2025-02-25,2025-03-12,2025-03-12,28100.0,2025-03-19,33100.0,5,21000.0,kind,1.4071428571428573,2025-03-11,1.338095238095238,0.17793594306049831,0.1752270967184102
15D_close_midhold,15D,close,393970,대진첨단소재,2025-03-06,2025-03-21,2025-03-21,13840.0,2025-03-28,16900.0,5,9000.0,kind,1.5777777777777777,2025-03-20,1.5377777777777777,0.22109826589595372,0.21829016110011246
15D_close_midhold,15D,close,226590,엠디바이스,2025-03-07,2025-03-22,2025-03-24,9680.0,2025-03-31,8200.0,5,8350.0,kind,1.2131736526946109,2025-03-21,1.1592814371257485,-0.15289256198347112,-0.15484061688267436
15D_close_midhold,15D,close,031210,서울보증보험,2025-03-14,2025-03-29,2025-03-31,33950.0,2025-04-07,31850.0,5,26000.0,kind,1.3365384615384615,2025-03-28,1.3057692307692308,-0.061855670103092786,-0.06401307845060378
15D_close_midhold,15D,close,484810,티엑스알로보틱스,2025-03-20,2025-04-04,2025-04-04,20200.0,2025-04-11,19100.0,5,13500.0,kind,1.7148148148148148,2025-04-03,1.4962962962962962,-0.054455445544554504,-0.05662987185585533
15D_close_midhold,15D,close,098070,한텍,2025-03-20,2025-04-04,2025-04-04,30350.0,2025-04-11,42100.0,5,10800.0,kind,3.0694444444444446,2025-04-03,2.810185185185185,0.38714991762767714,0.3839599513120808
15D_close_midhold,15D,close,448900,한국피아이엠,2025-04-04,2025-04-19,2025-04-21,18220.0,2025-04-28,15180.0,5,11200.0,kind,1.7241071428571428,2025-04-18,1.6267857142857143,-0.16684961580680568,-0.1687655742966766
15D_close_midhold,15D,close,459510,나우로보틱스,2025-05-08,2025-05-23,2025-05-23,27150.0,2025-05-30,28850.0,5,6800.0,kind,4.235294117647059,2025-05-22,3.9926470588235294,0.0626151012891345,0.06017145310339722
15D_close_midhold,15D,close,476040,오가노이드사이언스,2025-05-09,2025-05-24,2025-05-26,41600.0,2025-06-02,34000.0,5,21000.0,kind,1.95,2025-05-23,1.980952380952381,-0.1826923076923077,-0.1845718334557509
15D_close_midhold,15D,close,136150,원일티엔아이,2025-05-09,2025-05-24,2025-05-26,26900.0,2025-06-02,27000.0,5,13500.0,kind,1.9814814814814814,2025-05-23,1.9925925925925927,0.0037174721189590088,0.0014092681636785898
15D_close_midhold,15D,close,376900,로킷헬스케어,2025-05-12,2025-05-27,2025-05-27,18650.0,2025-06-04,15570.0,5,11000.0,kind,1.6654545454545455,2025-05-26,1.6954545454545455,-0.16514745308310996,-0.16706732596008722
15D_close_midhold,15D,close,424870,이뮨온시아,2025-05-19,2025-06-03,2025-06-04,6100.0,2025-06-12,5810.0,5,3600.0,kind,1.7722222222222221,2025-06-02,1.6944444444444444,-0.04754098360655734,-0.049731310795184114
15D_close_midhold,15D,close,489460,바이오비쥬,2025-05-20,2025-06-04,2025-06-04,19350.0,2025-06-12,17780.0,5,9100.0,kind,2.1417582417582417,2025-06-02,2.1263736263736264,-0.08113695090439277,-0.08325001895710471
15D_close_midhold,15D,close,483650,달바글로벌,2025-05-22,2025-06-06,2025-06-09,144900.0,2025-06-16,162600.0,5,66300.0,kind,2.1131221719457014,2025-06-05,2.18552036199095,0.12215320910973082,0.11957264381357291
15D_close_midhold,15D,close,287840,인투셀,2025-05-23,2025-06-07,2025-06-09,37750.0,2025-06-16,37900.0,5,17000.0,kind,2.2205882352941178,2025-06-05,2.2205882352941178,0.003973509933774766,0.0016647171798400695
15D_close_midhold,15D,close,475430,키스트론,2025-06-02,2025-06-17,2025-06-17,7130.0,2025-06-24,6610.0,5,3600.0,kind,1.9194444444444445,2025-06-16,1.9805555555555556,-0.0729312762973352,-0.07506321457111043
15D_close_midhold,15D,close,388610,지에프씨생명과학,2025-06-30,2025-07-15,2025-07-15,24700.0,2025-07-22,21800.0,5,15300.0,kind,1.6601307189542485,2025-07-14,1.6143790849673203,-0.11740890688259109,-0.11943856194850122
15D_close_midhold,15D,close,463020,뉴엔AI,2025-07-04,2025-07-19,2025-07-21,36650.0,2025-07-28,33500.0,5,15000.0,kind,2.4766666666666666,2025-07-18,2.4433333333333334,-0.08594815825375168,-0.08805016218917794
15D_close_midhold,15D,close,234030,싸이닉솔루션,2025-07-07,2025-07-22,2025-07-22,11000.0,2025-07-29,9980.0,5,4700.0,kind,2.5425531914893615,2025-07-21,2.3404255319148937,-0.09272727272727277,-0.09481368703785353
15D_close_midhold,15D,close,468530,프로티나,2025-07-29,2025-08-13,2025-08-13,19500.0,2025-08-21,16550.0,5,14000.0,kind,1.4092857142857143,2025-08-12,1.3928571428571428,-0.1512820512820513,-0.15323380980032497
15D_close_midhold,15D,close,439260,대한조선,2025-08-01,2025-08-16,2025-08-18,83700.0,2025-08-25,90600.0,5,50000.0,kind,1.768,2025-08-14,1.674,0.08243727598566308,0.07994804363574848
15D_close_midhold,15D,close,309710,아이티켐,2025-08-07,2025-08-22,2025-08-22,20000.0,2025-08-29,19000.0,5,16100.0,kind,1.2012422360248447,2025-08-21,1.2422360248447204,-0.050000000000000044,-0.052184672299155244
15D_close_midhold,15D,close,484590,삼양컴텍,2025-08-18,2025-09-02,2025-09-02,18670.0,2025-09-09,18810.0,5,7700.0,kind,2.4857142857142858,2025-09-01,2.4246753246753245,0.007498660953401126,0.005181761568116006
15D_close_midhold,15D,close,488280,에스투더블유,2025-09-19,2025-10-04,2025-10-10,24650.0,2025-10-17,20500.0,5,13200.0,kind,2.106060606060606,2025-10-02,1.8674242424242424,-0.16835699797160242,-0.17026949000246316
15D_close_midhold,15D,close,317450,명인제약,2025-10-01,2025-10-16,2025-10-16,96700.0,2025-10-23,93400.0,5,58000.0,kind,1.796551724137931,2025-10-15,1.6672413793103449,-0.03412616339193386,-0.036347340039635245
15D_close_midhold,15D,close,486990,노타,2025-11-03,2025-11-18,2025-11-18,30350.0,2025-11-25,38650.0,5,9100.0,kind,3.978021978021978,2025-11-17,3.3351648351648353,0.27347611202635913,0.2705475562520647
15D_close_midhold,15D,close,469610,이노테크,2025-11-07,2025-11-22,2025-11-24,27800.0,2025-12-01,37500.0,5,14700.0,kind,2.306122448979592,2025-11-21,1.8911564625850341,0.34892086330935257,0.34581881063164266
15D_close_midhold,15D,close,494120,큐리오시스,2025-11-13,2025-11-28,2025-11-28,67200.0,2025-12-05,71500.0,5,22000.0,kind,3.081818181818182,2025-11-27,3.0545454545454547,0.06398809523809534,0.06154128963988725
15D_close_midhold,15D,close,388210,씨엠티엑스,2025-11-20,2025-12-05,2025-12-05,83500.0,2025-12-12,75900.0,5,60500.0,kind,1.4644628099173553,2025-12-04,1.3801652892561984,-0.09101796407185625,-0.0931083092027215
15D_close_midhold,15D,close,488900,비츠로넥스텍,2025-11-21,2025-12-06,2025-12-08,9590.0,2025-12-15,10240.0,5,6900.0,kind,1.5942028985507246,2025-12-05,1.3898550724637682,0.0677789363920751,0.06532341316685719
15D_close_midhold,15D,close,950250,테라뷰,2025-12-09,2025-12-24,2025-12-24,9000.0,2026-01-05,11940.0,5,8000.0,kind,1.21875,2025-12-23,1.125,0.32666666666666666,0.3236157909646886
15D_close_midhold,15D,close,217590,티엠씨,2025-12-15,2025-12-30,2025-12-30,15130.0,2026-01-08,14140.0,5,9300.0,kind,1.9580645161290322,2025-12-29,1.6268817204301076,-0.06543291473892932,-0.06758209665774206
15D_close_midhold,15D,close,478340,나라스페이스테크놀로지,2025-12-17,2026-01-01,2026-01-02,28200.0,2026-01-09,30900.0,5,16500.0,kind,1.709090909090909,2025-12-30,1.709090909090909,0.0957446808510638,0.09322484606032488
15D_close_midhold,15D,close,476830,알지노믹스,2025-12-18,2026-01-02,2026-01-02,150000.0,2026-01-09,193900.0,5,22500.0,kind,7.133333333333334,2025-12-30,6.666666666666667,0.29266666666666663,0.2896939792364479
1M_close_midhold,1M,close,354320,알멕,2023-06-30,2023-07-30,2023-07-31,88500.0,2023-08-30,77000.0,21,50000.0,kind,1.794,2023-07-28,1.77,-0.12994350282485878,-0.13194433264388883
1M_close_midhold,1M,close,432430,와이랩,2023-07-20,2023-08-20,2023-08-21,11090.0,2023-09-19,9750.0,21,9000.0,kind,1.2633333333333334,2023-08-18,1.2322222222222223,-0.12082957619477008,-0.12285136490121618
1M_close_midhold,1M,close,440110,파두,2023-08-07,2023-09-07,2023-09-07,41800.0,2023-10-13,35250.0,21,31000.0,kind,1.2806451612903227,2023-09-06,1.3483870967741935,-0.15669856459330145,-0.158637866999376
1M_close_midhold,1M,close,448710,코츠테크놀로지,2023-08-10,2023-09-10,2023-09-11,22300.0,2023-10-17,16530.0,21,13000.0,kind,1.7653846153846153,2023-09-08,1.7153846153846153,-0.25874439461883403,-0.26044902681638116
1M_close_midhold,1M,close,445680,큐리옥스바이오시스템즈,2023-08-10,2023-09-10,2023-09-11,32108.0,2023-10-17,18555.0,21,13000.0,kind,2.4044615384615384,2023-09-08,2.469846153846154,-0.4221066400896972,-0.4234355954741834
1M_close_midhold,1M,close,424960,스마트레이더시스템,2023-08-22,2023-09-22,2023-09-22,15690.0,2023-10-30,11200.0,21,8000.0,kind,2.21,2023-09-21,1.96125,-0.28616953473550033,-0.2878110985710334
1M_close_midhold,1M,close,418250,시큐레터,2023-08-24,2023-09-24,2023-09-25,17770.0,2023-10-31,11300.0,21,12000.0,kind,1.8291666666666666,2023-09-22,1.4808333333333332,-0.3640967923466517,-0.36555915037055087
1M_close_midhold,1M,close,454910,두산로보틱스,2023-10-05,2023-11-05,2023-11-06,46950.0,2023-12-05,81700.0,21,26000.0,kind,1.7230769230769232,2023-11-03,1.8057692307692308,0.7401490947816827,0.7361473521250832
1M_close_midhold,1M,close,451220,아이엠티,2023-10-10,2023-11-10,2023-11-10,17280.0,2023-12-11,19370.0,21,14000.0,kind,1.3357142857142856,2023-11-09,1.2342857142857142,0.12094907407407418,0.11837127787313384
1M_close_midhold,1M,close,396470,워트,2023-10-26,2023-11-26,2023-11-27,9440.0,2023-12-27,9290.0,21,6500.0,kind,1.4615384615384615,2023-11-24,1.4523076923076923,-0.01588983050847459,-0.018152944431216844
1M_close_midhold,1M,close,432720,퀄리타스반도체,2023-10-27,2023-11-27,2023-11-27,25383.0,2023-12-27,38433.0,21,17000.0,kind,1.2400588235294117,2023-11-24,1.4931176470588234,0.5141236260489304,0.5106416640033244
1M_close_midhold,1M,close,221800,유투바이오,2023-11-02,2023-12-02,2023-12-04,5570.0,2024-01-05,5410.0,21,4400.0,kind,1.325,2023-12-01,1.2659090909090909,-0.02872531418312385,-0.0309589109209919
1M_close_midhold,1M,close,446540,메가터치,2023-11-09,2023-12-09,2023-12-11,5950.0,2024-01-12,5210.0,21,4800.0,kind,1.2020833333333334,2023-12-08,1.2395833333333333,-0.12436974789915967,-0.12638339543186183
1M_close_midhold,1M,close,372320,큐로셀,2023-11-09,2023-12-09,2023-12-11,25600.0,2024-01-12,32100.0,21,20000.0,kind,1.23,2023-12-08,1.28,0.25390625,0.2510226981577761
1M_close_midhold,1M,close,365330,에스와이스틸텍,2023-11-13,2023-12-13,2023-12-13,2368.0,2024-01-16,2619.0,21,1800.0,kind,1.4116666666666666,2023-12-12,1.3155555555555556,0.10599662162162171,0.10345321090349935
1M_close_midhold,1M,close,445090,에이직랜드,2023-11-13,2023-12-13,2023-12-13,46750.0,2024-01-16,49050.0,21,25000.0,kind,1.94,2023-12-12,1.87,0.04919786096256695,0.046785067801327074
1M_close_midhold,1M,close,450080,에코프로머티,2023-11-17,2023-12-17,2023-12-18,213000.0,2024-01-19,216500.0,21,36200.0,kind,4.668508287292818,2023-12-15,5.883977900552487,0.016431924882629012,0.014094482071820513
1M_close_midhold,1M,close,452280,한선엔지니어링,2023-11-24,2023-12-24,2023-12-26,9030.0,2024-01-26,7800.0,21,7000.0,kind,1.33,2023-12-22,1.29,-0.1362126245847176,-0.13819903758622265
1M_close_midhold,1M,close,453860,에이에스텍,2023-11-28,2023-12-28,2023-12-28,35000.0,2024-01-30,35200.0,21,28000.0,kind,1.2535714285714286,2023-12-27,1.25,0.005714285714285783,0.0034014897765335395
1M_close_midhold,1M,close,338840,와이바이오로직스,2023-12-05,2024-01-05,2024-01-05,14330.0,2024-02-05,8840.0,21,9000.0,kind,1.6888888888888889,2024-01-04,1.5922222222222222,-0.3831123517096999,-0.3845309805064481
1M_close_midhold,1M,close,432470,케이엔에스,2023-12-06,2024-01-06,2024-01-08,26600.0,2024-02-06,19650.0,21,23000.0,kind,1.2217391304347827,2024-01-05,1.1565217391304348,-0.2612781954887218,-0.26297700081829845
1M_close_midhold,1M,close,417200,LS머트리얼즈,2023-12-12,2024-01-12,2024-01-12,44650.0,2024-02-14,30650.0,21,6000.0,kind,6.65,2024-01-11,7.441666666666666,-0.3135498320268757,-0.31512843062342444
1M_close_midhold,1M,close,457550,우진엔텍,2024-01-24,2024-02-24,2024-02-26,22750.0,2024-03-27,24950.0,21,5300.0,kind,4.820754716981132,2024-02-23,4.2924528301886795,0.0967032967032968,0.09418125742677064
1M_close_midhold,1M,close,460930,현대힘스,2024-01-26,2024-02-26,2024-02-26,16100.0,2024-03-27,19050.0,21,7300.0,kind,2.328767123287671,2024-02-23,2.2054794520547945,0.18322981366459623,0.18050879324623037
1M_close_midhold,1M,close,452400,이닉스,2024-02-01,2024-03-01,2024-03-04,21550.0,2024-04-02,21250.0,21,14000.0,kind,1.6428571428571428,2024-02-29,1.5392857142857144,-0.0139211136890951,-0.016188754981416476
1M_close_midhold,1M,close,068100,케이웨더,2024-02-22,2024-03-22,2024-03-22,8370.0,2024-04-23,6040.0,21,7000.0,kind,1.3242857142857143,2024-03-21,1.1957142857142857,-0.2783751493428913,-0.28003463757616776
1M_close_midhold,1M,close,360350,코셈,2024-02-23,2024-03-23,2024-03-25,20250.0,2024-04-24,15490.0,21,16000.0,kind,1.459375,2024-03-22,1.265625,-0.23506172839506168,-0.23682082255562908
1M_close_midhold,1M,close,199430,케이엔알시스템,2024-03-07,2024-04-07,2024-04-08,20050.0,2024-05-10,17470.0,21,13500.0,kind,1.5962962962962963,2024-04-05,1.4851851851851852,-0.12867830423940152,-0.13068204357875013
1M_close_midhold,1M,close,455900,엔젤로보틱스,2024-03-26,2024-04-26,2024-04-26,39300.0,2024-05-30,35350.0,21,20000.0,kind,2.325,2024-04-25,1.965,-0.10050890585241734,-0.10257742509107115
1M_close_midhold,1M,close,461030,아이엠비디엑스,2024-04-03,2024-05-03,2024-05-03,15260.0,2024-06-05,12600.0,21,13000.0,kind,1.303076923076923,2024-05-02,1.1738461538461538,-0.17431192660550454,-0.17621072435464957
1M_close_midhold,1M,close,443060,HD현대마린솔루션,2024-05-08,2024-06-08,2024-06-10,136700.0,2024-07-09,117500.0,21,83400.0,kind,1.5767386091127098,2024-06-07,1.6390887290167866,-0.14045354791514264,-0.1424302082558867
1M_close_midhold,1M,close,107640,한중엔시에스,2024-06-24,2024-07-24,2024-07-24,47300.0,2024-08-23,42700.0,21,30000.0,kind,1.3833333333333333,2024-07-23,1.5766666666666667,-0.09725158562367864,-0.0993275955752515
1M_close_midhold,1M,close,160190,하이젠알앤엠,2024-06-27,2024-07-27,2024-07-29,9700.0,2024-08-28,10480.0,21,7000.0,kind,1.5114285714285713,2024-07-26,1.3857142857142857,0.08041237113402055,0.07792779536677741
1M_close_midhold,1M,close,389650,넥스트바이오메디컬,2024-08-20,2024-09-20,2024-09-20,47400.0,2024-10-24,36200.0,21,29000.0,kind,1.3724137931034484,2024-09-19,1.6344827586206896,-0.23628691983122363,-0.23804319647411554
1M_close_midhold,1M,close,464280,티디에스팜,2024-08-21,2024-09-21,2024-09-23,21850.0,2024-10-25,14260.0,21,13000.0,kind,2.4,2024-09-20,1.6807692307692308,-0.34736842105263155,-0.3488692485600845
1M_close_midhold,1M,close,476080,M83,2024-08-22,2024-09-22,2024-09-23,18900.0,2024-10-25,12680.0,21,16000.0,kind,1.25625,2024-09-20,1.18125,-0.3291005291005291,-0.3306433664579944
1M_close_midhold,1M,close,456070,이엔셀,2024-08-23,2024-09-23,2024-09-23,23050.0,2024-10-25,21200.0,21,15300.0,kind,1.7843137254901962,2024-09-20,1.5065359477124183,-0.08026030368763559,-0.08237538772654807
1M_close_midhold,1M,close,394800,쓰리빌리언,2024-11-14,2024-12-14,2024-12-16,6000.0,2025-01-17,4880.0,21,4500.0,kind,1.3755555555555556,2024-12-13,1.3333333333333333,-0.18666666666666665,-0.1885370527754171
1M_close_midhold,1M,close,459100,위츠,2024-11-20,2024-12-20,2024-12-20,9990.0,2025-01-23,8180.0,21,6400.0,kind,1.7046875,2024-12-19,1.5609375,-0.1811811811811812,-0.1830641820143396
1M_close_midhold,1M,close,450950,아스테라시스,2025-01-24,2025-02-24,2025-02-24,9030.0,2025-03-26,8650.0,21,4600.0,kind,1.8565217391304347,2025-02-21,1.9630434782608697,-0.042081949058693224,-0.044284830143695664
1M_close_midhold,1M,close,452450,피아이이,2025-02-04,2025-03-04,2025-03-04,9000.0,2025-04-02,9210.0,21,5000.0,kind,1.906,2025-02-28,1.8,0.023333333333333428,0.020980019663717098
1M_close_midhold,1M,close,475830,오름테라퓨틱,2025-02-14,2025-03-14,2025-03-14,30100.0,2025-04-14,28150.0,21,20000.0,kind,1.3525,2025-03-13,1.505,-0.06478405315614622,-0.0669347272327756
1M_close_midhold,1M,close,463480,모티브링크,2025-02-20,2025-03-20,2025-03-20,12470.0,2025-04-18,14860.0,21,6000.0,kind,2.2183333333333333,2025-03-19,2.078333333333333,0.19165998396150763,0.1889195770594314
1M_close_midhold,1M,close,479960,위너스,2025-02-24,2025-03-24,2025-03-24,17690.0,2025-04-22,17440.0,21,8500.0,kind,2.088235294117647,2025-03-21,2.081176470588235,-0.014132278123233477,-0.01639943381019693
1M_close_midhold,1M,close,489500,엘케이켐,2025-02-25,2025-03-25,2025-03-25,30200.0,2025-04-23,28100.0,21,21000.0,kind,1.3785714285714286,2025-03-24,1.438095238095238,-0.06953642384105962,-0.07167616910443575
1M_close_midhold,1M,close,393970,대진첨단소재,2025-03-06,2025-04-06,2025-04-07,12200.0,2025-05-09,11930.0,21,9000.0,kind,1.5477777777777777,2025-04-04,1.3555555555555556,-0.022131147540983553,-0.024379908587482513
1M_close_midhold,1M,close,031210,서울보증보험,2025-03-14,2025-04-14,2025-04-14,31800.0,2025-05-16,34400.0,21,26000.0,kind,1.228846153846154,2025-04-11,1.2230769230769232,0.08176100628930816,0.07927332912641716
1M_close_midhold,1M,close,484810,티엑스알로보틱스,2025-03-20,2025-04-20,2025-04-21,21150.0,2025-05-23,15870.0,21,13500.0,kind,1.6296296296296295,2025-04-18,1.5666666666666667,-0.249645390070922,-0.2513709468402434
1M_close_midhold,1M,close,098070,한텍,2025-03-20,2025-04-20,2025-04-21,39600.0,2025-05-23,36150.0,21,10800.0,kind,3.7175925925925926,2025-04-18,3.6666666666666665,-0.08712121212121215,-0.08922051843738588
1M_close_midhold,1M,close,448900,한국피아이엠,2025-04-04,2025-05-04,2025-05-07,14550.0,2025-06-09,16040.0,21,11200.0,kind,1.2357142857142858,2025-05-02,1.2991071428571428,0.10240549828178702,0.09987034590859478
1M_close_midhold,1M,close,459510,나우로보틱스,2025-05-08,2025-06-08,2025-06-09,24950.0,2025-07-08,18930.0,21,6800.0,kind,4.051470588235294,2025-06-05,3.6691176470588234,-0.24128256513026047,-0.24302735351220373
1M_close_midhold,1M,close,476040,오가노이드사이언스,2025-05-09,2025-06-09,2025-06-09,32450.0,2025-07-08,35600.0,21,21000.0,kind,1.5285714285714285,2025-06-05,1.5452380952380953,0.09707241910631748,0.09454953097559238
1M_close_midhold,1M,close,136150,원일티엔아이,2025-05-09,2025-06-09,2025-06-09,24900.0,2025-07-08,26850.0,21,13500.0,kind,1.9703703703703703,2025-06-05,1.8444444444444446,0.07831325301204828,0.07583350449239834
1M_close_midhold,1M,close,376900,로킷헬스케어,2025-05-12,2025-06-12,2025-06-12,15110.0,2025-07-11,17440.0,21,11000.0,kind,1.5536363636363637,2025-06-11,1.3736363636363635,0.15420251489080083,0.15154824724669846
1M_close_midhold,1M,close,424870,이뮨온시아,2025-05-19,2025-06-19,2025-06-19,4990.0,2025-07-18,6300.0,21,3600.0,kind,1.4694444444444446,2025-06-18,1.386111111111111,0.26252505010020033,0.2596216779907863
1M_close_midhold,1M,close,489460,바이오비쥬,2025-05-20,2025-06-20,2025-06-20,17290.0,2025-07-21,21350.0,21,9100.0,kind,1.8626373626373627,2025-06-19,1.9,0.23481781376518218,0.23197815874177552
1M_close_midhold,1M,close,483650,달바글로벌,2025-05-22,2025-06-22,2025-06-23,183200.0,2025-07-22,207500.0,21,66300.0,kind,2.6018099547511313,2025-06-20,2.7631975867269984,0.13264192139737996,0.13003723568102332
1M_close_midhold,1M,close,287840,인투셀,2025-05-23,2025-06-23,2025-06-23,39050.0,2025-07-22,26100.0,21,17000.0,kind,2.226470588235294,2025-06-20,2.2970588235294116,-0.3316261203585147,-0.3331631497272849
1M_close_midhold,1M,close,475430,키스트론,2025-06-02,2025-07-02,2025-07-02,5740.0,2025-07-31,5680.0,21,3600.0,kind,1.7055555555555555,2025-07-01,1.5944444444444446,-0.010452961672473893,-0.012728578518100386
1M_close_midhold,1M,close,463020,뉴엔AI,2025-07-04,2025-08-04,2025-08-04,27100.0,2025-09-03,22000.0,21,15000.0,kind,1.95,2025-08-01,1.8066666666666666,-0.1881918819188192,-0.19005876055860993
1M_close_midhold,1M,close,234030,싸이닉솔루션,2025-07-07,2025-08-07,2025-08-07,8570.0,2025-09-08,7870.0,21,4700.0,kind,1.8340425531914895,2025-08-06,1.823404255319149,-0.08168028004667449,-0.08379209862977965
1M_close_midhold,1M,close,439260,대한조선,2025-08-01,2025-09-01,2025-09-01,80800.0,2025-09-30,80900.0,21,50000.0,kind,1.718,2025-08-29,1.616,0.0012376237623761277,-0.0010648773971033698
1M_close_midhold,1M,close,484590,삼양컴텍,2025-08-18,2025-09-18,2025-09-18,19570.0,2025-10-24,17170.0,21,7700.0,kind,2.668831168831169,2025-09-17,2.5415584415584416,-0.12263668880940215,-0.12465432178019498
1M_close_midhold,1M,close,488280,에스투더블유,2025-09-19,2025-10-19,2025-10-20,18370.0,2025-11-18,21100.0,21,13200.0,kind,1.553030303030303,2025-10-17,1.3916666666666666,0.1486118671747414,0.14597045609190196
1M_close_midhold,1M,close,317450,명인제약,2025-10-01,2025-11-01,2025-11-03,74400.0,2025-12-02,73600.0,21,58000.0,kind,1.4172413793103449,2025-10-31,1.282758620689655,-0.010752688172043001,-0.013027615750110688
1M_close_midhold,1M,close,486990,노타,2025-11-03,2025-12-03,2025-12-03,40800.0,2026-01-06,51900.0,21,9100.0,kind,4.873626373626373,2025-12-02,4.483516483516484,0.2720588235294117,0.269133527029769
1M_close_midhold,1M,close,469610,이노테크,2025-11-07,2025-12-07,2025-12-08,32450.0,2026-01-09,24950.0,21,14700.0,kind,2.5714285714285716,2025-12-05,2.207482993197279,-0.23112480739599384,-0.23289295511682495
1M_close_midhold,1M,close,494120,큐리오시스,2025-11-13,2025-12-13,2025-12-15,65100.0,2026-01-16,43350.0,21,22000.0,kind,3.227272727272727,2025-12-12,2.959090909090909,-0.3341013824884793,-0.33563271960818786
1M_close_midhold,1M,close,388210,씨엠티엑스,2025-11-20,2025-12-20,2025-12-22,99700.0,2026-01-23,100300.0,21,60500.0,kind,1.578512396694215,2025-12-19,1.6479338842975206,0.006018054162487463,0.0037045596620886023
1M_close_midhold,1M,close,488900,비츠로넥스텍,2025-11-21,2025-12-21,2025-12-22,14430.0,2026-01-23,24750.0,21,6900.0,kind,1.608695652173913,2025-12-19,2.091304347826087,0.7151767151767152,0.7112324003790285
1M_close_midhold,1M,close,950250,테라뷰,2025-12-09,2026-01-09,2026-01-09,10210.0,2026-02-09,8920.0,21,8000.0,kind,1.3025,2026-01-08,1.27625,-0.12634671890303628,-0.12835582008438218
1M_close_midhold,1M,close,217590,티엠씨,2025-12-15,2026-01-15,2026-01-15,13940.0,2026-02-13,15300.0,21,9300.0,kind,1.3623655913978494,2026-01-14,1.4989247311827958,0.09756097560975618,0.09503696396759986
1M_close_midhold,1M,close,478340,나라스페이스테크놀로지,2025-12-17,2026-01-17,2026-01-19,35900.0,2026-02-20,54300.0,21,16500.0,kind,1.8575757575757577,2026-01-16,2.175757575757576,0.5125348189415042,0.5090565106041891
1M_close_midhold,1M,close,476830,알지노믹스,2025-12-18,2026-01-18,2026-01-19,165000.0,2026-02-20,136900.0,21,22500.0,kind,6.973333333333334,2026-01-16,7.333333333333333,-0.1703030303030303,-0.17221104713080926
1M_close_midhold,1M,close,490470,세미파이브,2025-12-29,2026-01-29,2026-01-29,30100.0,2026-03-05,23650.0,21,24000.0,kind,1.2125,2026-01-28,1.2541666666666667,-0.2142857142857143,-0.21609258611208326
3M_close_midhold,3M,close,354320,알멕,2023-06-30,2023-09-30,2023-10-04,54900.0,2023-11-20,45100.0,32,50000.0,kind,1.448,2023-09-27,1.098,-0.17850637522768675,-0.18039552719186847
3M_close_midhold,3M,close,424960,스마트레이더시스템,2023-08-22,2023-11-22,2023-11-22,14930.0,2024-01-10,19260.0,32,8000.0,kind,1.805,2023-11-21,1.86625,0.29002009377093096,0.28705349254544155
3M_close_midhold,3M,close,454910,두산로보틱스,2023-10-05,2024-01-05,2024-01-05,101800.0,2024-02-22,81300.0,32,26000.0,kind,4.2,2024-01-04,3.9153846153846152,-0.20137524557956776,-0.2032118070305171
3M_close_midhold,3M,close,451220,아이엠티,2023-10-10,2024-01-10,2024-01-10,17790.0,2024-02-27,22050.0,32,14000.0,kind,1.3571428571428572,2024-01-09,1.2707142857142857,0.239460370994941,0.23661003969134775
3M_close_midhold,3M,close,396470,워트,2023-10-26,2024-01-26,2024-01-26,10400.0,2024-03-15,10100.0,32,6500.0,kind,1.6846153846153846,2024-01-25,1.6,-0.028846153846153855,-0.031079472694480526
3M_close_midhold,3M,close,432720,퀄리타스반도체,2023-10-27,2024-01-27,2024-01-29,32888.0,2024-03-18,39772.0,32,17000.0,kind,2.1511176470588236,2024-01-26,1.9345882352941177,0.20931646801264892,0.20653545728782863
3M_close_midhold,3M,close,372320,큐로셀,2023-11-09,2024-02-09,2024-02-13,26950.0,2024-03-29,32900.0,32,20000.0,kind,1.29,2024-02-08,1.3475,0.22077922077922074,0.2179718496770937
3M_close_midhold,3M,close,365330,에스와이스틸텍,2023-11-13,2024-02-13,2024-02-13,2862.0,2024-03-29,2294.0,32,1800.0,kind,1.4872222222222222,2024-02-08,1.59,-0.19846261355695316,-0.20030587305684722
3M_close_midhold,3M,close,445090,에이직랜드,2023-11-13,2024-02-13,2024-02-13,52100.0,2024-03-29,60900.0,32,25000.0,kind,1.836,2024-02-08,2.084,0.16890595009596931,0.1662178696228196
3M_close_midhold,3M,close,450080,에코프로머티,2023-11-17,2024-02-17,2024-02-19,187600.0,2024-04-04,119100.0,32,36200.0,kind,5.486187845303867,2024-02-16,5.18232044198895,-0.36513859275053306,-0.36659855499287053
3M_close_midhold,3M,close,417200,LS머트리얼즈,2023-12-12,2024-03-12,2024-03-12,25500.0,2024-04-26,24000.0,32,6000.0,kind,4.108333333333333,2024-03-11,4.25,-0.05882352941176472,-0.06098791063693387
3M_close_midhold,3M,close,457550,우진엔텍,2024-01-24,2024-04-24,2024-04-24,27800.0,2024-06-13,38550.0,32,5300.0,kind,5.30188679245283,2024-04-23,5.245283018867925,0.3866906474820144,0.3835017373293286
3M_close_midhold,3M,close,460930,현대힘스,2024-01-26,2024-04-26,2024-04-26,16680.0,2024-06-17,14320.0,32,7300.0,kind,2.384931506849315,2024-04-25,2.2849315068493152,-0.14148681055155876,-0.1434610947446613
3M_close_midhold,3M,close,452400,이닉스,2024-02-01,2024-05-01,2024-05-02,16380.0,2024-06-20,14140.0,32,14000.0,kind,1.2607142857142857,2024-04-30,1.17,-0.1367521367521367,-0.13873730906176052
3M_close_midhold,3M,close,199430,케이엔알시스템,2024-03-07,2024-06-07,2024-06-07,13590.0,2024-07-23,9690.0,32,13500.0,kind,1.2259259259259259,2024-06-05,1.0066666666666666,-0.2869757174392936,-0.2886154273326993
3M_close_midhold,3M,close,455900,엔젤로보틱스,2024-03-26,2024-06-26,2024-06-26,33900.0,2024-08-09,24200.0,32,20000.0,kind,1.7325,2024-06-25,1.695,-0.28613569321533927,-0.28777733487469515
3M_close_midhold,3M,close,443060,HD현대마린솔루션,2024-05-08,2024-08-08,2024-08-08,107100.0,2024-09-27,106300.0,32,83400.0,kind,1.380095923261391,2024-08-07,1.2841726618705036,-0.007469654528478031,-0.009752131951449305
3M_close_midhold,3M,close,107640,한중엔시에스,2024-06-24,2024-09-24,2024-09-24,48650.0,2024-11-12,35650.0,32,30000.0,kind,1.68,2024-09-23,1.6216666666666666,-0.26721479958890026,-0.26889995277686773
3M_close_midhold,3M,close,160190,하이젠알앤엠,2024-06-27,2024-09-27,2024-09-27,9730.0,2024-11-15,9810.0,32,7000.0,kind,1.5157142857142858,2024-09-26,1.39,0.008221993833504637,0.005903431032107553
3M_close_midhold,3M,close,079900,전진건설로봇,2024-08-19,2024-11-19,2024-11-19,30000.0,2025-01-07,38300.0,32,16500.0,kind,1.8303030303030303,2024-11-18,1.8181818181818181,0.2766666666666666,0.2737307737172756
3M_close_midhold,3M,close,475960,토모큐브,2024-11-07,2025-02-07,2025-02-07,19860.0,2025-03-26,14960.0,32,16000.0,kind,1.209375,2025-02-06,1.24125,-0.24672708962739176,-0.24845935748107084
3M_close_midhold,3M,close,394800,쓰리빌리언,2024-11-14,2025-02-14,2025-02-14,5670.0,2025-04-02,5800.0,32,4500.0,kind,1.26,2025-02-13,1.26,0.022927689594356204,0.02057530876541347
3M_close_midhold,3M,close,459100,위츠,2024-11-20,2025-02-20,2025-02-20,8010.0,2025-04-08,5900.0,32,6400.0,kind,1.309375,2025-02-19,1.2515625,-0.2634207240948814,-0.2651146023477253
3M_close_midhold,3M,close,484870,엠앤씨솔루션,2024-12-16,2025-03-16,2025-03-17,86100.0,2025-04-30,99400.0,32,65000.0,kind,1.2153846153846153,2025-03-14,1.3246153846153845,0.15447154471544722,0.1518166583955496
3M_close_midhold,3M,close,382150,온코크로스,2024-12-18,2025-03-18,2025-03-18,12270.0,2025-05-02,12880.0,32,7300.0,kind,1.4164383561643836,2025-03-17,1.680821917808219,0.04971475142624282,0.04730076959523699
3M_close_midhold,3M,close,176750,듀켐바이오,2024-12-20,2025-03-20,2025-03-20,13210.0,2025-05-08,10390.0,32,8000.0,kind,1.69375,2025-03-19,1.65125,-0.21347464042392128,-0.21528337744039383
3M_close_midhold,3M,close,450950,아스테라시스,2025-01-24,2025-04-24,2025-04-24,9440.0,2025-06-16,11100.0,32,4600.0,kind,2.0652173913043477,2025-04-23,2.0521739130434784,0.17584745762711873,0.17314341408110812
3M_close_midhold,3M,close,452450,피아이이,2025-02-04,2025-05-04,2025-05-07,8140.0,2025-06-24,9880.0,32,5000.0,kind,1.64,2025-05-02,1.628,0.2137592137592137,0.21096798625169355
3M_close_midhold,3M,close,463480,모티브링크,2025-02-20,2025-05-20,2025-05-20,10250.0,2025-07-07,9190.0,32,6000.0,kind,1.83,2025-05-19,1.7083333333333333,-0.10341463414634144,-0.10547647121224502
3M_close_midhold,3M,close,479960,위너스,2025-02-24,2025-05-24,2025-05-26,15170.0,2025-07-11,14750.0,32,8500.0,kind,1.8529411764705883,2025-05-23,1.7847058823529411,-0.02768622280817401,-0.02992220909777188
3M_close_midhold,3M,close,226590,엠디바이스,2025-03-07,2025-06-07,2025-06-09,11930.0,2025-07-23,10550.0,32,8350.0,kind,1.3293413173652695,2025-06-05,1.4287425149700599,-0.11567476948868394,-0.11770841247241248
3M_close_midhold,3M,close,031210,서울보증보험,2025-03-14,2025-06-14,2025-06-16,40850.0,2025-07-30,40800.0,32,26000.0,kind,1.573076923076923,2025-06-13,1.5711538461538461,-0.001223990208078285,-0.0035208305045553168
3M_close_midhold,3M,close,098070,한텍,2025-03-20,2025-06-20,2025-06-20,37650.0,2025-08-05,37300.0,32,10800.0,kind,3.6574074074074074,2025-06-19,3.486111111111111,-0.009296148738379806,-0.011574425854714243
3M_close_midhold,3M,close,448900,한국피아이엠,2025-04-04,2025-07-04,2025-07-04,14050.0,2025-08-20,11640.0,32,11200.0,kind,1.2669642857142858,2025-07-03,1.2544642857142858,-0.17153024911032033,-0.17343544375816944
3M_close_midhold,3M,close,459510,나우로보틱스,2025-05-08,2025-08-08,2025-08-08,15150.0,2025-09-24,24200.0,32,6800.0,kind,2.5455882352941175,2025-08-07,2.2279411764705883,0.5973597359735974,0.5936863595873161
3M_close_midhold,3M,close,476040,오가노이드사이언스,2025-05-09,2025-08-09,2025-08-11,30300.0,2025-09-25,37600.0,32,21000.0,kind,1.5238095238095237,2025-08-08,1.4428571428571428,0.24092409240924084,0.23807039505130345
3M_close_midhold,3M,close,136150,원일티엔아이,2025-05-09,2025-08-09,2025-08-11,21900.0,2025-09-25,22750.0,32,13500.0,kind,1.8518518518518519,2025-08-08,1.6222222222222222,0.038812785388127935,0.036423874318395555
3M_close_midhold,3M,close,376900,로킷헬스케어,2025-05-12,2025-08-12,2025-08-12,14820.0,2025-09-26,21500.0,32,11000.0,kind,1.3736363636363635,2025-08-11,1.3472727272727272,0.45074224021592446,0.44740603349443586
3M_close_midhold,3M,close,424870,이뮨온시아,2025-05-19,2025-08-19,2025-08-19,5130.0,2025-10-02,5960.0,32,3600.0,kind,1.5138888888888888,2025-08-18,1.425,0.16179337231968804,0.1591216483219524
3M_close_midhold,3M,close,489460,바이오비쥬,2025-05-20,2025-08-20,2025-08-20,15530.0,2025-10-10,15810.0,32,9100.0,kind,1.8923076923076922,2025-08-19,1.7065934065934065,0.01802962009014819,0.0156885031314844
3M_close_midhold,3M,close,483650,달바글로벌,2025-05-22,2025-08-22,2025-08-22,186500.0,2025-10-14,150000.0,32,66300.0,kind,2.7013574660633486,2025-08-21,2.8129713423831073,-0.1957104557640751,-0.1975600442775407
3M_close_midhold,3M,close,287840,인투셀,2025-05-23,2025-08-23,2025-08-25,28650.0,2025-10-15,40000.0,32,17000.0,kind,1.6558823529411764,2025-08-22,1.6852941176470588,0.3961605584642234,0.3929498707829078
3M_close_midhold,3M,close,475430,키스트론,2025-06-02,2025-09-02,2025-09-02,4700.0,2025-10-23,4750.0,32,3600.0,kind,1.4,2025-09-01,1.3055555555555556,0.010638297872340496,0.008314178405153916
3M_close_midhold,3M,close,388610,지에프씨생명과학,2025-06-30,2025-09-30,2025-09-30,21950.0,2025-11-20,14030.0,32,15300.0,kind,1.34640522875817,2025-09-29,1.434640522875817,-0.36082004555808656,-0.3622899389692913
3M_close_midhold,3M,close,463020,뉴엔AI,2025-07-04,2025-10-04,2025-10-10,25800.0,2025-11-25,17200.0,32,15000.0,kind,1.71,2025-10-02,1.72,-0.33333333333333337,-0.33486643670116156
3M_close_midhold,3M,close,234030,싸이닉솔루션,2025-07-07,2025-10-07,2025-10-10,9560.0,2025-11-25,9480.0,32,4700.0,kind,2.1042553191489364,2025-10-02,2.0340425531914894,-0.008368200836820106,-0.010648611913233963
3M_close_midhold,3M,close,380550,뉴로핏,2025-07-25,2025-10-25,2025-10-27,19970.0,2025-12-10,27350.0,32,14000.0,kind,1.4642857142857142,2025-10-24,1.4264285714285714,0.3695543314972458,0.3664048289601829
3M_close_midhold,3M,close,468530,프로티나,2025-07-29,2025-10-29,2025-10-29,56800.0,2025-12-12,95600.0,32,14000.0,kind,3.8214285714285716,2025-10-28,4.057142857142857,0.6830985915492958,0.6792280453706592
3M_close_midhold,3M,close,439260,대한조선,2025-08-01,2025-11-01,2025-11-03,67300.0,2025-12-17,75200.0,32,50000.0,kind,1.482,2025-10-31,1.346,0.11738484398216942,0.11481524428096557
3M_close_midhold,3M,close,309710,아이티켐,2025-08-07,2025-11-07,2025-11-07,28100.0,2025-12-23,35350.0,32,16100.0,kind,1.6925465838509317,2025-11-06,1.7453416149068324,0.2580071174377223,0.2551141350149788
3M_close_midhold,3M,close,456160,지투지바이오,2025-08-14,2025-11-14,2025-11-14,94700.0,2026-01-02,63600.0,32,58000.0,kind,1.589655172413793,2025-11-13,1.6327586206896552,-0.3284054910242872,-0.32994992672957557
3M_close_midhold,3M,close,484590,삼양컴텍,2025-08-18,2025-11-18,2025-11-18,11700.0,2026-01-06,14130.0,32,7700.0,kind,1.848051948051948,2025-11-17,1.5194805194805194,0.20769230769230762,0.20491503197597272
3M_close_midhold,3M,close,125490,한라캐스트,2025-08-20,2025-11-20,2025-11-20,9790.0,2026-01-08,17840.0,32,5800.0,kind,1.6793103448275861,2025-11-19,1.6879310344827587,0.8222676200204291,0.8180770330824225
3M_close_midhold,3M,close,488280,에스투더블유,2025-09-19,2025-12-19,2025-12-19,34100.0,2026-02-06,19780.0,32,13200.0,kind,2.2992424242424243,2025-12-18,2.5833333333333335,-0.419941348973607,-0.42127528378074675
6M_close_midhold,6M,close,445680,큐리옥스바이오시스템즈,2023-08-10,2024-02-10,2024-02-13,18605.0,2024-05-17,26407.0,63,13000.0,kind,1.3118461538461539,2024-02-08,1.4311538461538462,0.4193496371943026,0.4160856226309402
6M_close_midhold,6M,close,424960,스마트레이더시스템,2023-08-22,2024-02-22,2024-02-22,13760.0,2024-05-28,11670.0,63,8000.0,kind,1.66375,2024-02-21,1.72,-0.15188953488372092,-0.1538398963992612
6M_close_midhold,6M,close,454910,두산로보틱스,2023-10-05,2024-04-05,2024-04-05,74700.0,2024-07-10,80000.0,63,26000.0,kind,3.0923076923076924,2024-04-04,2.873076923076923,0.07095046854082998,0.06848765188568429
6M_close_midhold,6M,close,451220,아이엠티,2023-10-10,2024-04-10,2024-04-11,22200.0,2024-07-15,18710.0,63,14000.0,kind,1.7107142857142856,2024-04-09,1.5857142857142856,-0.15720720720720716,-0.15914533991072521
6M_close_midhold,6M,close,396470,워트,2023-10-26,2024-04-26,2024-04-26,10110.0,2024-07-30,14510.0,63,6500.0,kind,1.5446153846153847,2024-04-25,1.5553846153846154,0.43521266073194864,0.43191216668637167
6M_close_midhold,6M,close,432720,퀄리타스반도체,2023-10-27,2024-04-27,2024-04-29,29829.0,2024-07-31,15220.0,63,17000.0,kind,1.7715294117647058,2024-04-26,1.7546470588235294,-0.4897582889134735,-0.49093166884198325
6M_close_midhold,6M,close,372320,큐로셀,2023-11-09,2024-05-09,2024-05-09,32550.0,2024-08-08,29400.0,63,20000.0,kind,1.65,2024-05-08,1.6275,-0.09677419354838712,-0.09885130133705755
6M_close_midhold,6M,close,445090,에이직랜드,2023-11-13,2024-05-13,2024-05-13,51200.0,2024-08-12,30400.0,63,25000.0,kind,2.192,2024-05-10,2.048,-0.40625,-0.40761542018697206
6M_close_midhold,6M,close,450080,에코프로머티,2023-11-17,2024-05-17,2024-05-17,98300.0,2024-08-16,83000.0,63,36200.0,kind,2.6767955801104972,2024-05-16,2.7154696132596685,-0.15564598168870802,-0.15758770467237648
6M_close_midhold,6M,close,452280,한선엔지니어링,2023-11-24,2024-05-24,2024-05-24,13270.0,2024-08-23,12750.0,63,7000.0,kind,1.8942857142857144,2024-05-23,1.8957142857142857,-0.03918613413715144,-0.0413956745975671
6M_close_midhold,6M,close,453860,에이에스텍,2023-11-28,2024-05-28,2024-05-28,45600.0,2024-08-27,25050.0,63,28000.0,kind,1.5017857142857143,2024-05-27,1.6285714285714286,-0.45065789473684215,-0.4519211920843452
6M_close_midhold,6M,close,417200,LS머트리얼즈,2023-12-12,2024-06-12,2024-06-12,28150.0,2024-09-10,16430.0,63,6000.0,kind,4.85,2024-06-11,4.691666666666666,-0.41634103019538193,-0.4176832444937878
6M_close_midhold,6M,close,457550,우진엔텍,2024-01-24,2024-07-24,2024-07-24,23300.0,2024-10-30,22850.0,63,5300.0,kind,5.037735849056604,2024-07-23,4.39622641509434,-0.01931330472102999,-0.021568545834004804
6M_close_midhold,6M,close,460930,현대힘스,2024-01-26,2024-07-26,2024-07-26,15650.0,2024-11-01,9860.0,63,7300.0,kind,2.0465753424657533,2024-07-25,2.143835616438356,-0.36996805111821085,-0.371416907272216
6M_close_midhold,6M,close,455900,엔젤로보틱스,2024-03-26,2024-09-26,2024-09-26,28700.0,2024-12-30,23050.0,63,20000.0,kind,1.425,2024-09-25,1.435,-0.1968641114982579,-0.19871104700148645
6M_close_midhold,6M,close,461030,아이엠비디엑스,2024-04-03,2024-10-03,2024-10-04,17470.0,2025-01-07,11830.0,63,13000.0,kind,1.2961538461538462,2024-10-02,1.343846153846154,-0.3228391528334288,-0.3243963891964574
6M_close_midhold,6M,close,443060,HD현대마린솔루션,2024-05-08,2024-11-08,2024-11-08,150500.0,2025-02-14,158300.0,63,83400.0,kind,1.8069544364508394,2024-11-07,1.8045563549160673,0.05182724252491688,0.04940840269308433
6M_close_midhold,6M,close,160190,하이젠알앤엠,2024-06-27,2024-12-27,2024-12-27,12970.0,2025-04-04,27250.0,63,7000.0,kind,1.822857142857143,2024-12-26,1.8528571428571428,1.1010023130300692,1.0961707324471877
6M_close_midhold,6M,close,295310,에이치브이엠,2024-06-28,2024-12-28,2024-12-30,24500.0,2025-04-07,16830.0,63,18000.0,kind,1.3194444444444444,2024-12-27,1.3611111111111112,-0.3130612244897959,-0.31464094671513565
6M_close_midhold,6M,close,062040,산일전기,2024-07-29,2025-01-29,2025-01-31,72200.0,2025-05-02,57600.0,63,35000.0,kind,2.0914285714285716,2025-01-24,2.0628571428571427,-0.20221606648199442,-0.20405069433490786
6M_close_midhold,6M,close,079900,전진건설로봇,2024-08-19,2025-02-19,2025-02-19,59200.0,2025-05-23,49100.0,63,16500.0,kind,3.8,2025-02-18,3.587878787878788,-0.17060810810810811,-0.1725154233621714
6M_close_midhold,6M,close,389650,넥스트바이오메디컬,2024-08-20,2025-02-20,2025-02-20,52900.0,2025-05-26,42850.0,63,29000.0,kind,1.8620689655172413,2025-02-19,1.8241379310344827,-0.18998109640831762,-0.191843860471969
6M_close_midhold,6M,close,456070,이엔셀,2024-08-23,2025-02-23,2025-02-24,19890.0,2025-05-28,13350.0,63,15300.0,kind,1.3529411764705883,2025-02-21,1.3,-0.32880844645550533,-0.3303519555023007
6M_close_midhold,6M,close,308430,셀비온,2024-10-16,2025-04-16,2025-04-16,18220.0,2025-07-21,24100.0,63,15000.0,kind,1.252,2025-04-15,1.2146666666666666,0.32272228320526897,0.31968047822464407
6M_close_midhold,6M,close,466100,클로봇,2024-10-28,2025-04-28,2025-04-28,18260.0,2025-07-31,18850.0,63,13000.0,kind,1.456923076923077,2025-04-25,1.4046153846153846,0.03231106243154436,0.029937103081854266
6M_close_midhold,6M,close,475960,토모큐브,2024-11-07,2025-05-07,2025-05-07,19460.0,2025-08-06,24900.0,63,16000.0,kind,1.21375,2025-05-02,1.21625,0.2795477903391572,0.27660527179915806
6M_close_midhold,6M,close,394800,쓰리빌리언,2024-11-14,2025-05-14,2025-05-14,7070.0,2025-08-13,6160.0,63,4500.0,kind,1.5911111111111111,2025-05-13,1.5711111111111111,-0.12871287128712872,-0.13071653113419124
6M_close_midhold,6M,close,484870,엠앤씨솔루션,2024-12-16,2025-06-16,2025-06-16,139200.0,2025-09-12,209500.0,63,65000.0,kind,2.0246153846153847,2025-06-13,2.1415384615384614,0.5050287356321839,0.5015676886972702
6M_close_midhold,6M,close,382150,온코크로스,2024-12-18,2025-06-18,2025-06-18,13070.0,2025-09-16,9660.0,63,7300.0,kind,1.7219178082191782,2025-06-17,1.7904109589041095,-0.26090283091048205,-0.2626024994491072
6M_close_midhold,6M,close,176750,듀켐바이오,2024-12-20,2025-06-20,2025-06-20,10740.0,2025-09-18,10090.0,63,8000.0,kind,1.34875,2025-06-19,1.3425,-0.06052141527001864,-0.06268189194339657
6M_close_midhold,6M,close,450950,아스테라시스,2025-01-24,2025-07-24,2025-07-24,10740.0,2025-10-29,15430.0,63,4600.0,kind,2.3043478260869565,2025-07-23,2.3347826086956522,0.43668528864059586,0.43338140805880987
6M_close_midhold,6M,close,452450,피아이이,2025-02-04,2025-08-04,2025-08-04,8290.0,2025-11-07,9130.0,63,5000.0,kind,1.66,2025-08-01,1.658,0.10132689987937282,0.09879422791044545
6M_close_midhold,6M,close,475830,오름테라퓨틱,2025-02-14,2025-08-14,2025-08-14,25350.0,2025-11-19,56600.0,63,20000.0,kind,1.245,2025-08-13,1.2675,1.2327416173570018,1.2276070818174114
6M_close_midhold,6M,close,463480,모티브링크,2025-02-20,2025-08-20,2025-08-20,8390.0,2025-11-24,7990.0,63,6000.0,kind,1.4516666666666667,2025-08-19,1.3983333333333334,-0.04767580452920139,-0.04986582167621223
6M_close_midhold,6M,close,479960,위너스,2025-02-24,2025-08-24,2025-08-25,12650.0,2025-11-27,10260.0,63,8500.0,kind,1.4611764705882353,2025-08-22,1.488235294117647,-0.1889328063241107,-0.1907979810933499
6M_close_midhold,6M,close,226590,엠디바이스,2025-03-07,2025-09-07,2025-09-08,10850.0,2025-12-11,12680.0,63,8350.0,kind,1.3281437125748503,2025-09-05,1.2994011976047903,0.16866359447004609,0.1659760713312357
6M_close_midhold,6M,close,031210,서울보증보험,2025-03-14,2025-09-14,2025-09-15,53700.0,2025-12-18,49950.0,63,26000.0,kind,1.976923076923077,2025-09-12,2.0653846153846156,-0.06983240223463683,-0.07197146684980504
6M_close_midhold,6M,close,484810,티엑스알로보틱스,2025-03-20,2025-09-20,2025-09-22,17940.0,2025-12-26,15250.0,63,13500.0,kind,1.391851851851852,2025-09-19,1.3288888888888888,-0.1499442586399108,-0.15189909361979215
6M_close_midhold,6M,close,098070,한텍,2025-03-20,2025-09-20,2025-09-22,44800.0,2025-12-26,30950.0,63,10800.0,kind,4.25,2025-09-19,4.148148148148148,-0.3091517857142857,-0.31074049830025496
6M_close_midhold,6M,close,481070,에이유브랜즈,2025-04-03,2025-10-03,2025-10-10,20950.0,2026-01-12,20050.0,63,16000.0,kind,1.321875,2025-10-02,1.309375,-0.042959427207637235,-0.04516029039558145
6M_close_midhold,6M,close,448900,한국피아이엠,2025-04-04,2025-10-04,2025-10-10,27650.0,2026-01-12,72500.0,63,11200.0,kind,2.3660714285714284,2025-10-02,2.46875,1.6220614828209765,1.6160316458860282
6M_close_midhold,6M,close,459510,나우로보틱스,2025-05-08,2025-11-08,2025-11-10,20500.0,2026-02-10,29950.0,63,6800.0,kind,2.8279411764705884,2025-11-07,3.014705882352941,0.4609756097560975,0.45761586981464974
6M_close_midhold,6M,close,476040,오가노이드사이언스,2025-05-09,2025-11-09,2025-11-10,32250.0,2026-02-10,32700.0,63,21000.0,kind,1.526190476190476,2025-11-07,1.5357142857142858,0.013953488372093092,0.011621745110326431
6M_close_midhold,6M,close,136150,원일티엔아이,2025-05-09,2025-11-09,2025-11-10,21350.0,2026-02-10,19070.0,63,13500.0,kind,1.6592592592592592,2025-11-07,1.5814814814814815,-0.1067915690866511,-0.10884564036705979
6M_close_midhold,6M,close,376900,로킷헬스케어,2025-05-12,2025-11-12,2025-11-12,35550.0,2026-02-12,66500.0,63,11000.0,kind,3.077272727272727,2025-11-11,3.231818181818182,0.8706047819971872,0.8663030362604536
6M_close_midhold,6M,close,424870,이뮨온시아,2025-05-19,2025-11-19,2025-11-19,6940.0,2026-02-24,8520.0,63,3600.0,kind,1.9944444444444445,2025-11-18,1.9277777777777778,0.2276657060518732,0.2248424984091002
6M_close_midhold,6M,close,489460,바이오비쥬,2025-05-20,2025-11-20,2025-11-20,12320.0,2026-02-25,11060.0,63,9100.0,kind,1.289010989010989,2025-11-19,1.353846153846154,-0.10227272727272729,-0.10433719033054145
6M_close_midhold,6M,close,483650,달바글로벌,2025-05-22,2025-11-22,2025-11-24,130100.0,2026-02-27,169500.0,63,66300.0,kind,1.9879336349924586,2025-11-21,1.9622926093514328,0.30284396617986165,0.29984787447140415
6M_close_midhold,6M,close,287840,인투셀,2025-05-23,2025-11-23,2025-11-24,54000.0,2026-02-27,50800.0,63,17000.0,kind,3.6058823529411765,2025-11-21,3.176470588235294,-0.059259259259259234,-0.061422638456083534
6M_close_midhold,6M,close,475430,키스트론,2025-06-02,2025-12-02,2025-12-02,4380.0,2026-03-10,4265.0,63,3600.0,kind,1.226388888888889,2025-12-01,1.2166666666666666,-0.026255707762557035,-0.028494983743306168
6M_close_midhold,6M,close,474650,링크솔루션,2025-06-10,2025-12-10,2025-12-10,50000.0,2026-03-18,65800.0,63,23000.0,kind,2.2695652173913046,2025-12-09,2.1739130434782608,0.31600000000000006,0.312973653951907
1Y_close_midhold,1Y,close,448710,코츠테크놀로지,2023-08-10,2024-08-10,2024-08-12,22000.0,2025-02-24,18670.0,126,13000.0,kind,1.6576923076923078,2024-08-09,1.6923076923076923,-0.15136363636363637,-0.1533152072643651
1Y_close_midhold,1Y,close,445680,큐리옥스바이오시스템즈,2023-08-10,2024-08-10,2024-08-12,22500.0,2025-02-24,15010.0,126,13000.0,kind,1.7692307692307692,2024-08-09,1.7307692307692308,-0.3328888888888889,-0.33442301432562904
1Y_close_midhold,1Y,close,454910,두산로보틱스,2023-10-05,2024-10-05,2024-10-07,63000.0,2025-04-14,47650.0,126,26000.0,kind,2.3846153846153846,2024-10-04,2.423076923076923,-0.24365079365079367,-0.2453901359240559
1Y_close_midhold,1Y,close,396470,워트,2023-10-26,2024-10-26,2024-10-28,9200.0,2025-05-07,7460.0,126,6500.0,kind,1.373846153846154,2024-10-25,1.4153846153846155,-0.18913043478260871,-0.190995155074565
1Y_close_midhold,1Y,close,372320,큐로셀,2023-11-09,2024-11-09,2024-11-11,28750.0,2025-05-21,30200.0,126,20000.0,kind,1.46,2024-11-08,1.4375,0.050434782608695716,0.04801914495434367
1Y_close_midhold,1Y,close,365330,에스와이스틸텍,2023-11-13,2024-11-13,2024-11-13,5148.0,2025-05-23,4959.0,126,1800.0,kind,2.6633333333333336,2024-11-12,2.86,-0.036713286713286664,-0.038928513869772696
1Y_close_midhold,1Y,close,445090,에이직랜드,2023-11-13,2024-11-13,2024-11-13,30150.0,2025-05-23,28350.0,126,25000.0,kind,1.28,2024-11-12,1.206,-0.05970149253731338,-0.061863854750145775
1Y_close_midhold,1Y,close,450080,에코프로머티,2023-11-17,2024-11-17,2024-11-18,88800.0,2025-05-28,45550.0,126,36200.0,kind,2.477900552486188,2024-11-15,2.453038674033149,-0.4870495495495496,-0.48822915864422145
1Y_close_midhold,1Y,close,452280,한선엔지니어링,2023-11-24,2024-11-24,2024-11-25,9780.0,2025-06-05,7400.0,126,7000.0,kind,1.3371428571428572,2024-11-22,1.3971428571428572,-0.2433537832310838,-0.24509380852585816
1Y_close_midhold,1Y,close,417200,LS머트리얼즈,2023-12-12,2024-12-12,2024-12-12,10780.0,2025-06-25,11670.0,126,6000.0,kind,1.8516666666666666,2024-12-11,1.7966666666666666,0.08256029684601107,0.08007078159055347
1Y_close_midhold,1Y,close,457550,우진엔텍,2024-01-24,2025-01-24,2025-01-24,22550.0,2025-08-04,25900.0,126,5300.0,kind,4.226415094339623,2025-01-23,4.254716981132075,0.14855875831485577,0.14591746936407413
1Y_close_midhold,1Y,close,460930,현대힘스,2024-01-26,2025-01-26,2025-01-31,18940.0,2025-08-05,20450.0,126,7300.0,kind,2.6890410958904107,2025-01-24,2.5945205479452054,0.07972544878563892,0.07724245270284436
1Y_close_midhold,1Y,close,455900,엔젤로보틱스,2024-03-26,2025-03-26,2025-03-26,25850.0,2025-09-26,24200.0,126,20000.0,kind,1.275,2025-03-25,1.2925,-0.06382978723404253,-0.06598265579312046
1Y_close_midhold,1Y,close,443060,HD현대마린솔루션,2024-05-08,2025-05-08,2025-05-08,173000.0,2025-11-12,217500.0,126,83400.0,kind,1.9136690647482015,2025-05-07,2.0743405275779376,0.25722543352601157,0.25433424870662447
1Y_close_midhold,1Y,close,458870,씨어스테크놀로지,2024-06-19,2025-06-19,2025-06-19,20450.0,2025-12-22,117600.0,126,17000.0,kind,1.2,2025-06-18,1.2029411764705882,4.750611246943765,4.737386824739125
1Y_close_midhold,1Y,close,464080,에스오에스랩,2024-06-25,2025-06-25,2025-06-25,14000.0,2025-12-29,14700.0,126,11500.0,kind,1.242608695652174,2025-06-24,1.2173913043478262,0.050000000000000044,0.047585362195670555
1Y_close_midhold,1Y,close,160190,하이젠알앤엠,2024-06-27,2025-06-27,2025-06-27,38000.0,2026-01-02,59500.0,126,7000.0,kind,5.478571428571429,2025-06-26,5.428571428571429,0.5657894736842106,0.5621886980110877
1Y_close_midhold,1Y,close,295310,에이치브이엠,2024-06-28,2025-06-28,2025-06-30,28850.0,2026-01-05,69700.0,126,18000.0,kind,1.6611111111111112,2025-06-27,1.6027777777777779,1.415944540727903,1.410388701660089
1Y_close_midhold,1Y,close,062040,산일전기,2024-07-29,2025-07-29,2025-07-29,114200.0,2026-02-03,148200.0,126,35000.0,kind,3.2085714285714286,2025-07-28,3.262857142857143,0.29772329246935203,0.2947389765440611
1Y_close_midhold,1Y,close,079900,전진건설로봇,2024-08-19,2025-08-19,2025-08-19,55100.0,2026-02-26,59000.0,126,16500.0,kind,3.3333333333333335,2025-08-18,3.3393939393939394,0.07078039927404722,0.06831797371954984
1Y_close_midhold,1Y,close,389650,넥스트바이오메디컬,2024-08-20,2025-08-20,2025-08-20,55700.0,2026-02-27,76000.0,126,29000.0,kind,1.9482758620689655,2025-08-19,1.9206896551724137,0.36445242369838415,0.36131465378936434
